单品编码,单品名称,分类编码,分类名称,总销量_kg,总销售额_元,有销售日数,有销量日均销量_kg,日销量中位数_kg,日销量标准差_kg,最大日销量_kg,CV_有销量日,首次销售日期,最后销售日期,活跃跨度_日历日,活跃跨度_有销售记录日,销售天数占活跃跨度比例,销量排名,累计销量占比
102900011016701,芜湖青椒(1),1011010504,辣椒类,28181.741000,205219.938500,858,32.845852,28.000000,23.135408,249.974000,0.704363,2020-09-12,2023-06-30,1022,1012,0.839530,1,0.059799
102900005116714,西兰花,1011010201,花菜类,27555.945000,270060.555600,1076,25.609614,21.966000,15.778656,152.132000,0.616122,2020-07-01,2023-06-30,1095,1085,0.982648,2,0.118270
102900005116899,净藕(1),1011010402,水生根茎类,27166.459000,211769.939700,1057,25.701475,22.666000,20.222425,157.132000,0.786820,2020-07-08,2023-06-30,1088,1078,0.971507,3,0.175914
102900005115960,大白菜,1011010101,花叶类,19196.094000,38780.565700,480,39.991863,24.153000,38.930821,244.400000,0.973469,2020-07-01,2023-03-28,1001,991,0.479520,4,0.216646
102900005115779,云南生菜,1011010101,花叶类,15915.422000,129797.067500,810,19.648669,17.064000,13.008794,76.379000,0.662070,2020-07-01,2023-06-29,1094,1084,0.740402,5,0.250417
106949711300259,金针菇(盒),1011010801,食用菌,15602.000000,58669.500000,429,36.368298,27.000000,33.118232,281.000000,0.910635,2022-01-16,2023-06-30,531,523,0.807910,6,0.283523
102900011030059,云南生菜(份),1011010101,花叶类,14335.000000,64041.500000,400,35.837500,34.000000,23.811311,151.000000,0.664424,2021-12-17,2023-06-30,561,553,0.713012,7,0.313941
102900005116257,紫茄子(2),1011010501,茄类,13608.976000,117797.529700,1022,13.316023,11.497000,9.068158,109.430000,0.680996,2020-07-01,2023-06-30,1095,1085,0.933333,8,0.342818
102900005116530,西峡香菇(1),1011010801,食用菌,11929.100000,211356.719800,821,14.529963,11.326000,11.234168,79.166000,0.773172,2020-07-01,2023-03-14,987,977,0.831814,9,0.368130
102900011031100,小米椒(份),1011010504,辣椒类,10847.000000,55062.000000,488,22.227459,20.000000,14.980189,210.000000,0.673950,2021-12-20,2023-06-30,558,550,0.874552,10,0.391146
102900005115984,云南油麦菜,1011010101,花叶类,10309.079000,70692.251100,782,13.182965,10.364500,10.937468,76.615000,0.829667,2020-07-01,2023-06-27,1092,1082,0.716117,11,0.413021
102900005117056,泡泡椒(精品),1011010504,辣椒类,9707.027000,95610.684900,228,42.574680,37.543000,20.036803,144.050000,0.470627,2020-07-01,2022-02-14,594,591,0.383838,12,0.433618
102900005118831,娃娃菜,1011010101,花叶类,9002.000000,45162.400000,688,13.084302,9.000000,19.230280,407.000000,1.469721,2020-07-01,2023-06-30,1095,1085,0.628311,13,0.452720
102900011030097,云南油麦菜(份),1011010101,花叶类,8856.000000,35725.200000,410,21.600000,17.500000,16.799581,166.000000,0.777758,2021-12-16,2023-06-30,562,554,0.729537,14,0.471511
102900011009970,青梗散花,1011010201,花菜类,8394.375000,58277.915800,444,18.906250,16.756000,11.951831,88.508000,0.632163,2020-07-01,2023-06-16,1081,1071,0.410731,15,0.489323
102900011032251,螺丝椒(份),1011010504,辣椒类,8240.000000,40750.400000,382,21.570681,19.500000,15.737311,79.000000,0.729570,2022-02-18,2023-06-30,498,491,0.767068,16,0.506808
102900051010455,黄白菜(2),1011010101,花叶类,7993.683000,53517.308200,904,8.842570,5.955500,10.473609,187.729000,1.184453,2020-07-01,2023-06-18,1083,1073,0.834718,17,0.523769
102900011000328,螺丝椒,1011010504,辣椒类,7794.899000,82031.932100,858,9.084964,7.041000,7.388248,64.215000,0.813239,2020-07-02,2023-06-30,1094,1084,0.784278,18,0.540309
102900005115823,上海青,1011010101,花叶类,7608.386000,56900.932800,919,8.278984,6.043000,6.890385,43.597000,0.832274,2020-07-01,2023-06-30,1095,1085,0.839269,19,0.556454
102900005115786,竹叶菜,1011010101,花叶类,7246.958000,38957.087600,667,10.865004,9.552000,8.401448,61.519000,0.773258,2020-07-01,2023-06-30,1095,1085,0.609132,20,0.571831
102900011034231,奶白菜(份),1011010101,花叶类,6935.000000,22509.200000,244,28.422131,26.000000,16.528006,153.000000,0.581519,2022-04-16,2023-05-10,390,383,0.625641,21,0.586546
102900011033906,保康高山大白菜,1011010101,花叶类,6501.052000,16046.870800,200,32.505260,27.388000,23.157366,138.485000,0.712419,2022-04-16,2023-02-13,304,297,0.657895,22,0.600341
102900011030110,菠菜(份),1011010101,花叶类,6348.000000,25378.500000,386,16.445596,15.000000,11.304218,102.000000,0.687371,2021-12-16,2023-06-30,562,554,0.686833,23,0.613811
102900011021842,洪湖莲藕(粉藕),1011010402,水生根茎类,6059.000000,64410.000000,393,15.417303,11.000000,16.491306,131.000000,1.069662,2020-12-18,2023-04-22,856,846,0.459112,24,0.626667
102900011034026,枝江青梗散花,1011010201,花菜类,5825.591000,47453.095900,337,17.286620,15.831000,10.228402,47.649000,0.591695,2022-06-29,2023-06-30,367,360,0.918256,25,0.639029
102900011008164,奶白菜,1011010101,花叶类,5818.966000,27825.359800,762,7.636438,7.055500,4.842176,36.049000,0.634088,2020-08-24,2023-06-30,1041,1031,0.731988,26,0.651376
102900005118817,菠菜,1011010101,花叶类,5218.388000,52374.274800,730,7.148477,6.111500,5.692116,50.280000,0.796270,2020-07-01,2023-06-26,1091,1081,0.669111,27,0.662449
102900011032022,小皱皮(份),1011010504,辣椒类,5178.000000,17585.000000,441,11.741497,10.000000,8.448309,56.000000,0.719526,2022-01-21,2023-06-30,526,518,0.838403,28,0.673436
102900005119975,红薯尖,1011010101,花叶类,5161.229000,30280.125900,567,9.102697,6.645000,7.907518,55.159000,0.868701,2020-07-01,2023-06-30,1095,1085,0.517808,29,0.684388
102900005115762,苋菜,1011010101,花叶类,5102.658000,25530.177600,635,8.035682,7.400000,5.286074,35.954000,0.657825,2020-07-01,2023-06-30,1095,1085,0.579909,30,0.695215
102900005122654,枝江红菜苔,1011010101,花叶类,4962.956000,30851.231500,384,12.924365,8.561500,13.918222,89.525000,1.076898,2020-10-26,2023-03-10,866,856,0.443418,31,0.705746
102900005116547,金针菇(1),1011010801,食用菌,4699.900000,37337.313500,448,10.490848,9.145500,7.152599,71.463000,0.681794,2020-07-01,2023-02-15,960,950,0.466667,32,0.715719
102900011008522,甜白菜,1011010101,花叶类,4689.466000,35653.002000,340,13.792547,11.350500,11.182601,71.582000,0.810771,2020-07-01,2022-10-21,843,840,0.403321,33,0.725669
102900005115908,菜心,1011010101,花叶类,4498.148000,32794.011700,711,6.326509,4.757000,5.905560,52.276000,0.933463,2020-07-01,2023-06-28,1093,1083,0.650503,34,0.735214
102900011034330,双孢菇(盒),1011010801,食用菌,4233.000000,22628.500000,293,14.447099,13.000000,6.976583,57.000000,0.482905,2022-05-25,2023-06-30,402,395,0.728856,35,0.744196
102900005115878,茼蒿,1011010101,花叶类,4113.244000,26892.062800,514,8.002420,6.996000,5.278616,43.262000,0.659627,2020-09-16,2023-05-06,963,953,0.533749,36,0.752924
102900011034224,小青菜(份),1011010101,花叶类,4059.000000,12225.800000,179,22.675978,22.000000,13.830679,70.000000,0.609926,2022-04-18,2023-02-20,309,302,0.579288,37,0.761536
102900005115861,牛首油菜,1011010101,花叶类,3840.204000,15187.686500,285,13.474400,9.951000,9.684971,65.999000,0.718768,2020-07-10,2022-03-01,600,597,0.475000,38,0.769685
102900005116509,青茄子(1),1011010501,茄类,3519.011000,23370.191100,845,4.164510,2.753000,4.250836,34.252000,1.020729,2020-07-01,2023-06-29,1094,1084,0.772395,39,0.777152
102900005116233,红椒(1),1011010504,辣椒类,3459.754000,57313.619700,755,4.582456,2.842000,9.530007,113.844000,2.079672,2020-07-01,2023-03-16,989,979,0.763397,40,0.784493
102900011023464,小青菜(1),1011010101,花叶类,3270.155000,18793.674800,492,6.646657,6.506500,3.503034,24.301000,0.527037,2021-08-28,2023-06-30,672,664,0.732143,41,0.791432
106949711300167,金针菇(袋)(2),1011010801,食用菌,3181.000000,9989.000000,215,14.795349,12.000000,11.396629,77.000000,0.770285,2021-09-06,2022-09-11,371,370,0.579515,42,0.798182
102900011030141,上海青(份),1011010101,花叶类,3071.000000,9090.900000,287,10.700348,7.000000,10.213495,118.000000,0.954501,2021-12-16,2023-02-18,430,422,0.667442,43,0.804698
102900011013274,白玉菇(袋),1011010801,食用菌,2927.000000,20492.900000,698,4.193410,3.000000,3.891441,48.000000,0.927990,2020-08-07,2023-06-30,1058,1048,0.659735,44,0.810909
102900005116790,黄心菜(1),1011010101,花叶类,2918.477000,17981.699100,447,6.529031,4.929000,7.294148,68.960000,1.117187,2020-07-01,2023-04-15,1019,1009,0.438665,45,0.817102
102900005115250,西峡花菇(1),1011010801,食用菌,2813.715000,60182.664500,297,9.473788,6.936000,11.287717,125.417000,1.191468,2020-09-18,2023-06-30,1016,1006,0.292323,46,0.823072
106949711300068,金针菇(袋)(3),1011010801,食用菌,2549.000000,8434.900000,258,9.879845,6.000000,10.335100,88.000000,1.046079,2020-12-08,2021-09-08,275,273,0.938182,47,0.828481
102900005116837,平菇,1011010801,食用菌,2543.490000,19645.379200,362,7.026215,6.586500,4.908172,45.035000,0.698551,2020-07-07,2023-02-06,945,935,0.383069,48,0.833878
102900011022764,长线茄,1011010501,茄类,2497.527000,26313.113400,454,5.501161,4.471000,4.511460,50.208000,0.820092,2021-01-30,2023-06-30,882,872,0.514739,49,0.839177
102900005125815,杏鲍菇(1),1011010801,食用菌,2405.298000,24374.956600,452,5.321456,3.998000,3.961500,42.436000,0.744439,2020-07-01,2023-05-22,1056,1046,0.428030,50,0.844281
102900011032237,青线椒(份),1011010504,辣椒类,2307.000000,9473.800000,280,8.239286,7.000000,6.293584,37.000000,0.763851,2022-02-07,2023-06-26,505,498,0.554455,51,0.849177
102900051004294,青线椒,1011010504,辣椒类,2220.351000,30879.517400,747,2.972357,2.583000,2.368318,29.197000,0.796781,2020-07-01,2023-01-26,940,930,0.794681,52,0.853888
102900011001813,金针菇(袋)(1),1011010801,食用菌,2150.000000,6272.500000,123,17.479675,10.000000,31.494301,279.000000,1.801767,2020-07-05,2021-09-28,451,449,0.272727,53,0.858450
106958851400125,海鲜菇(袋)(4),1011010801,食用菌,2150.000000,7987.600000,314,6.847134,5.000000,5.612817,45.000000,0.819732,2020-12-29,2022-01-16,384,382,0.817708,54,0.863012
102900011001561,莲蓬(个),1011010402,水生根茎类,2095.000000,4523.000000,86,24.360465,20.000000,18.602285,80.000000,0.763626,2020-07-23,2022-09-18,788,785,0.109137,55,0.867457
102900011030134,菜心(份),1011010101,花叶类,2053.000000,6609.800000,275,7.465455,6.000000,6.162763,72.000000,0.825504,2021-12-16,2023-03-09,449,441,0.612472,56,0.871814
102900011033920,黄心菜(2),1011010101,花叶类,1883.243000,13238.989800,223,8.445036,7.557000,6.792595,46.499000,0.804330,2022-04-17,2023-06-22,432,425,0.516204,57,0.875810
102900011032848,姜蒜小米椒组合装(小份),1011010504,辣椒类,1868.000000,7547.800000,366,5.103825,4.000000,3.617331,25.000000,0.708749,2022-03-16,2023-06-30,472,465,0.775424,58,0.879773
106971533455008,海鲜菇(袋)(3),1011010801,食用菌,1776.000000,6440.000000,240,7.400000,6.000000,5.422563,30.000000,0.732779,2022-01-13,2023-04-24,467,459,0.513919,59,0.883542
102900005115793,小白菜,1011010101,花叶类,1709.163000,26949.083500,478,3.575655,2.929000,2.491591,11.493000,0.696821,2020-07-01,2023-02-20,965,955,0.495337,60,0.887169
102900011009277,荸荠,1011010402,水生根茎类,1672.013000,10674.927400,213,7.849826,5.629000,8.086891,63.326000,1.030200,2020-12-02,2023-02-09,800,790,0.266250,61,0.890716
102900005115946,木耳菜,1011010101,花叶类,1567.465000,11105.727600,421,3.723195,3.222000,2.274007,16.849000,0.610768,2020-07-01,2023-06-30,1095,1085,0.384475,62,0.894042
102900011006689,东门口小白菜,1011010101,花叶类,1543.882000,8014.438200,435,3.549154,2.782000,2.574148,15.100000,0.725285,2020-07-02,2022-05-19,687,684,0.633188,63,0.897318
102900005125808,小米椒,1011010504,辣椒类,1447.586000,40934.015700,585,2.474506,2.112000,2.282865,30.453000,0.922554,2020-07-01,2023-05-02,1036,1026,0.564672,64,0.900390
102900011022849,本地黄心油菜,1011010101,花叶类,1375.887000,4139.897800,115,11.964235,10.558000,7.355141,35.351000,0.614761,2021-02-05,2023-01-10,705,696,0.163121,65,0.903310
102900011012994,杏鲍菇(袋),1011010801,食用菌,1343.000000,7085.200000,327,4.107034,2.000000,7.625686,111.000000,1.856738,2020-08-07,2023-02-11,919,909,0.355822,66,0.906159
102900011033944,杏鲍菇(2),1011010801,食用菌,1304.983000,15394.963800,293,4.453867,4.145000,2.594693,17.368000,0.582571,2022-04-18,2023-05-24,402,395,0.728856,67,0.908928
102900011030912,海鲜菇(份),1011010801,食用菌,1303.000000,8203.800000,162,8.043210,8.000000,5.376910,37.000000,0.668503,2022-02-08,2023-01-03,330,324,0.490909,68,0.911693
106971533450003,海鲜菇(包),1011010801,食用菌,1303.000000,4177.800000,119,10.949580,11.000000,6.029375,25.000000,0.550649,2021-10-11,2023-06-30,628,620,0.189490,69,0.914458
102900011011546,海鲜菇(袋)(1),1011010801,食用菌,1266.000000,5262.000000,172,7.360465,5.000000,7.253010,57.000000,0.985401,2020-07-14,2021-09-18,432,430,0.398148,70,0.917144
102900011034439,青红杭椒组合装(份),1011010504,辣椒类,1258.000000,4834.600000,228,5.517544,5.000000,3.876354,24.000000,0.702551,2022-07-26,2023-06-30,340,333,0.670588,71,0.919814
102900005116226,青尖椒,1011010504,辣椒类,1187.429000,13371.940700,617,1.924520,1.646000,1.426502,12.215000,0.741225,2020-07-01,2023-04-30,1034,1024,0.596712,72,0.922333
102900005118824,高瓜(1),1011010402,水生根茎类,1179.956000,16266.764700,544,2.169037,1.780000,1.625209,10.501000,0.749277,2020-07-01,2023-06-30,1095,1085,0.496804,73,0.924837
102900011009444,大龙茄子,1011010501,茄类,1167.218000,10233.744600,197,5.924964,4.461000,4.987004,34.276000,0.841694,2020-07-05,2021-06-16,347,345,0.567723,74,0.927314
102900011031926,虫草花(份),1011010801,食用菌,1109.000000,5935.400000,245,4.526531,4.000000,3.092215,28.000000,0.683131,2022-01-19,2023-06-30,528,520,0.464015,75,0.929667
102900011032787,竹叶菜(份),1011010101,花叶类,1077.000000,2277.400000,77,13.987013,6.000000,14.112791,59.000000,1.008993,2022-03-13,2022-09-03,175,175,0.440000,76,0.931952
102900011001806,姬菇(包),1011010801,食用菌,1073.000000,6623.900000,359,2.988858,2.000000,2.127208,15.000000,0.711713,2020-07-16,2023-01-15,914,905,0.392779,77,0.934229
102900051000463,圆茄子(2),1011010501,茄类,1047.689000,7804.088600,501,2.091196,1.459000,2.209837,18.819000,1.056734,2020-08-27,2023-06-30,1038,1028,0.482659,78,0.936452
102900011018095,虫草花(袋),1011010801,食用菌,978.000000,5973.000000,141,6.936170,6.000000,4.859766,41.000000,0.700641,2020-10-16,2021-03-14,150,148,0.940000,79,0.938527
102900011032244,红尖椒(份),1011010504,辣椒类,953.000000,5585.100000,246,3.873984,3.000000,2.661205,16.000000,0.686943,2022-02-12,2023-03-14,396,389,0.621212,80,0.940549
102900005115885,蔡甸藜蒿,1011010101,花叶类,941.188000,13268.164100,303,3.106231,2.298000,2.656221,18.800000,0.855127,2020-09-13,2023-04-23,953,943,0.317943,81,0.942547
102900011031582,青尖椒(份),1011010504,辣椒类,932.000000,3243.500000,193,4.829016,4.000000,3.184727,22.000000,0.659498,2022-01-08,2023-01-07,365,358,0.528767,82,0.944524
102900005115168,牛首生菜,1011010101,花叶类,899.837000,3506.088600,102,8.821931,7.502000,5.002378,27.251000,0.567039,2020-10-30,2023-05-30,943,933,0.108165,83,0.946434
102900011035078,红椒(2),1011010504,辣椒类,769.634000,12944.367000,288,2.672340,2.352500,1.772225,12.320000,0.663173,2022-08-14,2023-06-30,321,314,0.897196,84,0.948067
102900051000944,洪湖藕带,1011010402,水生根茎类,745.554000,21463.044200,258,2.889744,2.338500,2.206862,11.218000,0.763688,2020-07-01,2023-06-30,1095,1085,0.235616,85,0.949649
102900011030929,鲜木耳(份),1011010801,食用菌,741.000000,1607.100000,182,4.071429,3.000000,2.577068,19.000000,0.632964,2022-07-04,2023-06-26,358,351,0.508380,86,0.951221
102900011006948,外地茼蒿,1011010101,花叶类,732.615000,11699.693000,269,2.723476,2.344000,1.897267,11.003000,0.696635,2020-07-01,2023-06-27,1092,1082,0.246337,87,0.952775
102900011033234,红薯尖(份),1011010101,花叶类,727.000000,1421.700000,58,12.534483,13.000000,9.279700,35.000000,0.740334,2022-03-28,2022-09-04,161,161,0.360248,88,0.954318
102900005115748,白菜苔,1011010101,花叶类,718.676000,2877.129600,92,7.811696,6.700000,5.749158,23.170000,0.735968,2020-11-23,2023-03-16,844,834,0.109005,89,0.955843
106930274620090,海鲜菇(袋)(2),1011010801,食用菌,709.000000,2931.200000,51,13.901961,12.000000,7.744043,40.000000,0.557047,2022-12-25,2023-02-18,56,55,0.910714,90,0.957347
102900011032213,红杭椒(份),1011010504,辣椒类,708.000000,3404.100000,192,3.687500,3.000000,2.764064,15.000000,0.749577,2022-02-08,2023-01-28,355,348,0.540845,91,0.958850
102900011031995,姬菇(份),1011010801,食用菌,683.000000,2186.700000,100,6.830000,6.000000,4.415434,21.000000,0.646476,2022-01-25,2022-11-05,285,282,0.350877,92,0.960299
102900011000571,随州泡泡青,1011010101,花叶类,675.221000,2840.267400,142,4.755077,3.609000,4.290734,28.465000,0.902348,2020-12-03,2023-02-18,808,798,0.175743,93,0.961732
102900005116943,红杭椒,1011010504,辣椒类,659.161000,15126.958500,588,1.121022,0.877000,1.273827,18.426000,1.136308,2020-07-01,2023-03-01,974,964,0.603696,94,0.963130
102900011022030,组合椒系列,1011010504,辣椒类,643.000000,9432.700000,176,3.653409,3.000000,3.366947,31.000000,0.921590,2021-01-22,2021-08-22,213,211,0.826291,95,0.964495
102900005119098,双孢菇,1011010801,食用菌,628.043000,12961.945300,223,2.816336,2.848000,1.332460,7.346000,0.473118,2020-09-18,2021-10-05,383,381,0.582245,96,0.965828
102900005118572,本地上海青,1011010101,花叶类,596.697000,1487.573200,61,9.781918,8.727000,5.662083,27.890000,0.578832,2020-10-06,2022-11-06,762,757,0.080052,97,0.967094
102900011030103,茼蒿(份),1011010101,花叶类,587.000000,1360.000000,83,7.072289,8.000000,2.644752,14.000000,0.373960,2021-12-16,2022-03-20,95,94,0.873684,98,0.968339
102900005119944,海鲜菇(1),1011010801,食用菌,502.504000,7745.609100,326,1.541423,1.482500,0.816176,4.779000,0.529495,2020-07-01,2021-09-25,452,450,0.721239,99,0.969405
102900011033937,金针菇(2),1011010801,食用菌,473.315000,5685.563800,89,5.318146,5.185000,3.007957,14.415000,0.565603,2022-04-17,2022-12-16,244,238,0.364754,100,0.970410
102900011030905,鱼腥草(份),1011010101,花叶类,470.000000,2190.200000,130,3.615385,2.500000,3.216683,22.000000,0.889721,2022-08-29,2023-04-17,232,225,0.560345,101,0.971407
102900011032206,青杭椒(份),1011010504,辣椒类,457.000000,1423.100000,110,4.154545,3.000000,3.139527,13.000000,0.755685,2022-02-08,2022-09-26,231,231,0.476190,102,0.972377
102900011032732,高瓜(2),1011010402,水生根茎类,449.856000,8969.136300,159,2.829283,1.838000,2.400637,11.046000,0.848496,2022-03-15,2023-06-30,473,466,0.336152,103,0.973331
102900011010891,野藕(1),1011010402,水生根茎类,449.754000,4668.038400,164,2.742402,2.290000,1.961898,10.203000,0.715394,2020-08-27,2023-06-05,1013,1003,0.161895,104,0.974286
102900005116219,红尖椒,1011010504,辣椒类,439.567000,6426.700000,314,1.399895,1.071500,1.159918,7.756000,0.828575,2020-07-30,2023-04-13,988,978,0.317814,105,0.975218
102900011034200,苋菜(份),1011010101,花叶类,426.000000,1171.200000,56,7.607143,7.000000,6.035286,25.000000,0.793371,2022-04-16,2022-10-27,195,195,0.287179,106,0.976122
102900005115854,萝卜叶,1011010101,花叶类,415.325000,2103.818200,164,2.532470,1.890500,2.011397,11.585000,0.794244,2020-10-15,2022-11-19,766,761,0.214099,107,0.977004
102900011032619,西峡香菇(2),1011010801,食用菌,414.593000,9015.233200,69,6.008594,4.407000,5.856210,36.063000,0.974639,2022-03-15,2022-12-17,278,272,0.248201,108,0.977883
106930274220092,蟹味菇(袋),1011010801,食用菌,400.000000,1982.100000,99,4.040404,3.000000,4.936162,30.000000,1.221700,2020-12-10,2021-05-01,143,141,0.692308,109,0.978732
102900011035788,西峡香菇(份) ,1011010801,食用菌,379.000000,1848.500000,65,5.830769,5.000000,5.737947,34.000000,0.984081,2022-10-13,2023-02-18,129,122,0.503876,110,0.979536
102900005116912,姬菇(1),1011010801,食用菌,375.222000,5661.937600,308,1.218253,1.239500,0.596146,4.185000,0.489345,2020-07-01,2021-09-25,452,450,0.681416,111,0.980332
102900011035740,蟹味菇与白玉菇双拼(盒),1011010801,食用菌,371.000000,2931.800000,137,2.708029,2.000000,1.978415,10.000000,0.730574,2023-01-20,2023-06-30,162,161,0.845679,112,0.981120
102900011032343,七彩椒(2),1011010504,辣椒类,370.209000,8984.947400,258,1.434919,1.181000,1.054565,5.841000,0.734930,2022-03-05,2023-06-29,482,475,0.535270,113,0.981905
102900011035511,净藕(3),1011010402,水生根茎类,348.800000,2552.864600,70,4.982857,4.570000,3.076865,13.852000,0.617490,2022-09-10,2023-01-12,125,119,0.560000,114,0.982645
102900011034217,小白菜(份),1011010101,花叶类,342.000000,2809.500000,47,7.276596,7.000000,3.751534,15.000000,0.515562,2022-04-18,2022-09-18,154,154,0.305195,115,0.983371
102900005115199,四川红香椿,1011010101,花叶类,333.485000,10556.568500,151,2.208510,1.537000,2.198396,12.849000,0.995420,2020-11-11,2023-04-23,894,884,0.168904,116,0.984079
102900011030042,枝江红菜苔(份),1011010101,花叶类,313.000000,681.600000,52,6.019231,5.000000,3.304723,20.000000,0.549027,2021-12-17,2022-02-16,62,61,0.838710,117,0.984743
102900011033982,紫茄子(1),1011010501,茄类,297.158000,3237.704600,44,6.753591,5.445000,8.141376,51.508000,1.205488,2022-08-06,2023-06-29,328,321,0.134146,118,0.985373
102900011030158,小青菜(2),1011010101,花叶类,296.000000,454.600000,46,6.434783,6.000000,2.630185,15.000000,0.408745,2021-12-16,2022-02-13,60,59,0.766667,119,0.986001
102900011007044,银耳(朵),1011010801,食用菌,288.000000,1225.400000,141,2.042553,2.000000,1.367335,7.000000,0.669424,2020-09-29,2023-04-29,943,933,0.149523,120,0.986613
102900011032220,水果辣椒(份),1011010504,辣椒类,283.000000,2190.000000,85,3.329412,3.000000,2.200586,9.000000,0.660953,2022-02-17,2022-08-02,167,167,0.508982,121,0.987213
102900011001219,红灯笼椒(1),1011010504,辣椒类,278.612000,4921.812100,272,1.024309,0.782500,0.891153,7.187000,0.870005,2020-07-01,2023-04-19,1023,1013,0.265885,122,0.987804
102900005117209,七彩椒(1),1011010504,辣椒类,263.192000,5557.986400,284,0.926732,0.604000,1.407996,16.094000,1.519312,2020-07-01,2023-04-03,1007,997,0.282026,123,0.988363
106956146480197,白玉菇(2),1011010801,食用菌,251.000000,1008.800000,59,4.254237,5.000000,1.917193,8.000000,0.450655,2020-07-12,2021-05-29,322,320,0.183230,124,0.988895
102900011032367,红灯笼椒(2),1011010504,辣椒类,214.810000,3987.568400,182,1.180275,0.810500,1.207232,9.534000,1.022840,2022-02-21,2023-02-17,362,355,0.502762,125,0.989351
102900011009246,鲜木耳(1),1011010801,食用菌,212.171000,2907.348000,252,0.841948,0.720000,0.601053,5.429000,0.713884,2020-08-07,2021-07-24,352,350,0.715909,126,0.989801
102900005123880,灯笼椒(1),1011010504,辣椒类,212.043000,2675.071300,217,0.977157,0.751000,0.876114,5.758000,0.896595,2020-07-01,2023-04-03,1007,997,0.215492,127,0.990251
102900011034354,鲜粽叶(袋)(1),1011010101,花叶类,200.000000,1180.000000,7,28.571429,7.000000,58.131624,160.000000,2.034607,2022-05-27,2022-06-09,14,14,0.500000,128,0.990676
102900011033975,青茄子(2),1011010501,茄类,190.522000,1201.168800,52,3.663885,2.217000,4.134177,23.060000,1.128359,2022-07-30,2023-01-24,179,172,0.290503,129,0.991080
102900011035764,龙牙菜,1011010101,花叶类,186.831000,1578.329200,63,2.965571,2.193000,2.345157,10.321000,0.790794,2022-10-15,2023-02-08,117,110,0.538462,130,0.991476
106957634300010,白玉菇(盒),1011010801,食用菌,168.000000,486.300000,42,4.000000,3.000000,3.526900,18.000000,0.881725,2022-01-13,2022-03-05,52,51,0.807692,131,0.991833
102900011027479,小皱皮,1011010504,辣椒类,163.640000,1921.856200,81,2.020247,1.665000,1.740292,7.579000,0.861425,2021-07-15,2023-05-26,681,673,0.118943,132,0.992180
102900011035771,黄白菜(1),1011010101,花叶类,156.054000,1173.731800,70,2.229343,1.291000,2.365541,12.256000,1.061094,2022-10-14,2023-01-15,94,88,0.744681,133,0.992511
102900005119968,青杭椒(2),1011010504,辣椒类,128.500000,1142.420000,90,1.427778,1.260500,1.105339,5.815000,0.774168,2020-09-05,2022-06-21,655,652,0.137405,134,0.992784
106972776821582,鲜粽叶(袋)(3),1011010101,花叶类,128.000000,867.000000,31,4.129032,2.000000,7.693036,41.000000,1.863157,2023-05-13,2023-06-18,37,37,0.837838,135,0.993055
102900011035481,外地茼蒿(份),1011010101,花叶类,127.000000,952.400000,22,5.772727,5.000000,3.517735,15.000000,0.609371,2022-09-08,2022-10-02,25,25,0.880000,136,0.993325
102900011001691,菱角,1011010402,水生根茎类,126.422000,1762.185800,105,1.204019,0.934000,0.962166,4.837000,0.799129,2020-08-10,2023-06-30,1055,1045,0.099526,137,0.993593
102900005115625,本地小毛白菜,1011010101,花叶类,121.020000,554.500000,47,2.574894,1.743000,2.523682,12.853000,0.980111,2022-09-28,2022-12-19,83,77,0.566265,138,0.993850
102900011029176,辣妹子,1011010504,辣椒类,120.249000,1395.938000,73,1.647247,1.275000,1.243064,7.400000,0.754631,2021-10-04,2022-01-04,93,93,0.784946,139,0.994105
106973990980123,和丰阳光海鲜菇(包),1011010801,食用菌,109.000000,244.000000,19,5.736842,6.000000,3.263299,10.000000,0.568832,2022-07-08,2022-07-29,22,22,0.863636,140,0.994336
102900005119104,蟹味菇(1),1011010801,食用菌,102.000000,379.900000,51,2.000000,2.000000,1.148913,5.000000,0.574456,2021-10-10,2022-10-26,382,381,0.133508,141,0.994553
102900011031599,杏鲍菇(份),1011010801,食用菌,102.000000,311.400000,19,5.368421,7.000000,3.003896,9.000000,0.559549,2022-01-06,2022-02-16,42,41,0.452381,142,0.994769
102900011016909,花茄子,1011010501,茄类,101.379000,1149.011400,81,1.251593,0.845000,1.302406,7.138000,1.040599,2020-09-05,2022-07-10,674,671,0.120178,143,0.994984
102900005116806,黑油菜,1011010101,花叶类,101.125000,435.916800,27,3.745370,2.529000,5.571018,29.631000,1.487441,2021-06-10,2022-12-19,558,551,0.048387,144,0.995199
102900011007969,红莲藕带,1011010402,水生根茎类,100.690000,1075.540800,96,1.048854,0.818500,0.877792,4.739000,0.836906,2020-08-07,2023-06-30,1058,1048,0.090737,145,0.995413
106956146480203,蟹味菇(2),1011010801,食用菌,95.000000,394.300000,32,2.968750,2.500000,1.942469,9.000000,0.654305,2020-07-10,2022-02-07,578,575,0.055363,146,0.995614
102900005116639,马齿苋,1011010101,花叶类,94.567000,870.363400,93,1.016849,0.859000,0.735852,4.011000,0.723659,2021-03-09,2023-06-12,826,818,0.112591,147,0.995815
102900011034262,红椒(份),1011010504,辣椒类,93.000000,317.900000,27,3.444444,2.000000,3.029767,10.000000,0.879610,2022-06-21,2022-09-29,101,101,0.267327,148,0.996012
102900011000175,快菜,1011010101,花叶类,91.272000,753.452000,10,9.127200,9.315500,1.241757,10.315000,0.136050,2020-08-04,2020-08-13,10,10,1.000000,149,0.996206
102900011012482,茶树菇(袋),1011010801,食用菌,90.000000,771.000000,48,1.875000,2.000000,0.981206,4.000000,0.523310,2022-11-01,2023-02-03,95,88,0.505263,150,0.996397
102900005115977,豌豆尖,1011010101,花叶类,85.048000,1134.080800,39,2.180718,1.587000,2.029833,7.924000,0.930809,2020-11-21,2023-03-02,832,822,0.046875,151,0.996577
106957634300058,蟹味菇(盒),1011010801,食用菌,81.000000,232.200000,32,2.531250,2.000000,1.585913,6.000000,0.626534,2022-01-13,2022-03-02,49,48,0.653061,152,0.996749
102900011032350,灯笼椒(2),1011010504,辣椒类,76.596000,1228.795000,101,0.758376,0.645000,0.542372,3.453000,0.715175,2022-02-19,2023-02-17,364,357,0.277473,153,0.996912
102900011033241,蔡甸藜蒿(份),1011010101,花叶类,65.000000,232.900000,16,4.062500,3.500000,2.434988,11.000000,0.599382,2022-03-28,2022-09-20,177,177,0.090395,154,0.997050
102900011023976,净藕(2),1011010402,水生根茎类,62.221000,371.029200,8,7.777625,4.581500,7.769523,25.154000,0.998958,2023-02-05,2023-02-12,8,8,1.000000,155,0.997182
102900011032633,海鲜菇(2),1011010801,食用菌,51.895000,734.276800,43,1.206860,1.040000,0.790612,3.622000,0.655098,2022-03-13,2022-04-29,48,48,0.895833,156,0.997292
102900011008485,芥菜,1011010101,花叶类,51.735000,370.363000,14,3.695357,3.398500,2.863239,10.388000,0.774821,2021-06-23,2023-04-28,675,667,0.020741,157,0.997402
102900011018132,野生粉藕,1011010402,水生根茎类,50.815000,734.560000,23,2.209348,1.729000,1.777037,6.211000,0.804326,2020-11-11,2023-06-30,962,952,0.023909,158,0.997509
102900011002414,田七,1011010101,花叶类,45.252000,609.848600,96,0.471375,0.401000,0.282216,1.239000,0.598707,2021-02-22,2023-03-11,748,740,0.128342,159,0.997605
102900011036242,青红尖椒组合装(份),1011010504,辣椒类,45.000000,249.300000,24,1.875000,1.000000,1.392917,6.000000,0.742889,2023-02-28,2023-04-18,50,50,0.480000,160,0.997701
102900011032282,襄甜红菜苔(袋),1011010101,花叶类,41.000000,152.700000,7,5.857143,3.000000,8.970852,26.000000,1.531609,2022-01-24,2022-02-05,13,12,0.538462,161,0.997788
102900051009220,油菜苔,1011010101,花叶类,40.726000,380.879000,18,2.262556,1.957500,1.455035,4.872000,0.643094,2021-02-25,2021-04-09,44,44,0.409091,162,0.997874
102900011034569,洪湖莲藕(脆藕),1011010402,水生根茎类,40.000000,395.200000,12,3.333333,2.500000,3.025147,12.000000,0.907544,2022-07-21,2022-09-23,65,65,0.184615,163,0.997959
102900011032176,紫苏(份),1011010101,花叶类,40.000000,148.900000,33,1.212121,1.000000,0.484612,3.000000,0.399805,2022-02-25,2022-07-02,128,128,0.257812,164,0.998044
102900051009336,虫草花,1011010801,食用菌,39.977000,1155.168400,82,0.487524,0.465000,0.331635,1.734000,0.680242,2020-08-31,2023-06-02,1006,996,0.081511,165,0.998129
102900011030608,牛排菇(盒),1011010801,食用菌,35.000000,285.800000,24,1.458333,1.000000,0.977093,4.000000,0.670006,2021-12-30,2023-03-03,429,421,0.055944,166,0.998203
102900011028407,余干椒,1011010504,辣椒类,33.907000,429.548000,20,1.695350,1.213500,1.326269,4.609000,0.782298,2021-09-03,2021-10-04,32,32,0.625000,167,0.998275
102900011022924,青菜苔,1011010101,花叶类,30.275000,90.825000,3,10.091667,10.706000,3.216801,12.957000,0.318758,2021-03-05,2021-03-07,3,3,1.000000,168,0.998339
102900011007464,紫苏,1011010101,花叶类,30.172000,583.935000,84,0.359190,0.278000,0.295486,1.480000,0.822644,2020-09-14,2023-06-10,1000,990,0.084000,169,0.998403
102900011031216,冰草(盒),1011010101,花叶类,29.000000,255.400000,23,1.260870,1.000000,0.448978,2.000000,0.356086,2022-12-08,2023-06-17,192,191,0.119792,170,0.998465
102900011032589,鱼腥草,1011010101,花叶类,28.601000,332.948400,31,0.922613,0.761000,0.657634,2.684000,0.712795,2022-03-13,2022-04-27,46,46,0.673913,171,0.998526
102900011029305,水果辣椒,1011010504,辣椒类,28.571000,629.479400,30,0.952367,0.995000,0.504009,1.818000,0.529217,2022-02-05,2023-01-19,349,343,0.085960,172,0.998586
102900011032626,鲜木耳(2),1011010801,食用菌,28.535000,357.726600,41,0.695976,0.616000,0.422667,1.963000,0.607301,2022-03-13,2022-05-01,50,50,0.820000,173,0.998647
102900011000861,红线椒,1011010504,辣椒类,27.805000,383.753000,32,0.868906,0.696500,0.641153,2.746000,0.737885,2021-07-03,2022-07-19,382,381,0.083770,174,0.998706
102900051010790,紫贝菜,1011010101,花叶类,27.022000,446.058200,53,0.509849,0.401000,0.324898,1.482000,0.637243,2021-02-22,2023-05-26,824,816,0.064320,175,0.998763
102900011036686,木耳菜(份),1011010101,花叶类,27.000000,96.900000,25,1.080000,1.000000,0.276887,2.000000,0.256377,2023-05-15,2023-06-30,47,47,0.531915,176,0.998820
102900011021644,洪山菜苔,1011010101,花叶类,25.000000,99.000000,11,2.272727,1.000000,2.760105,10.000000,1.214446,2021-12-26,2022-11-12,322,319,0.034161,177,0.998873
102900011033081,春菜,1011010101,花叶类,24.996000,183.711000,22,1.136182,0.797500,0.866672,4.021000,0.762793,2022-03-24,2022-05-01,39,39,0.564103,178,0.998926
102900005117353,白玉菇(1),1011010801,食用菌,22.000000,107.800000,8,2.750000,2.500000,1.488048,5.000000,0.541108,2021-05-19,2021-07-11,54,54,0.148148,179,0.998973
102900011024010,鲜藕带(袋),1011010402,水生根茎类,21.000000,388.200000,7,3.000000,3.000000,2.000000,7.000000,0.666667,2021-05-09,2021-05-18,10,10,0.700000,180,0.999018
102900051006229,藕尖,1011010402,水生根茎类,18.614000,74.456000,3,6.204667,7.854000,5.250041,10.432000,0.846144,2021-12-18,2022-01-11,25,25,0.120000,181,0.999057
102900005115816,南瓜尖,1011010101,花叶类,18.428000,151.592000,4,4.607000,5.057000,1.776786,6.230000,0.385671,2020-07-08,2021-07-12,370,368,0.010811,182,0.999096
102900011031735,七彩椒(份),1011010504,辣椒类,18.000000,91.000000,10,1.800000,2.000000,0.918937,4.000000,0.510520,2022-01-19,2022-02-12,25,24,0.400000,183,0.999134
102900011032640,姬菇(2),1011010801,食用菌,16.953000,243.616600,33,0.513727,0.449000,0.313820,1.349000,0.610870,2022-03-13,2022-04-29,48,48,0.687500,184,0.999170
102900011027462,奶白菜苗,1011010101,花叶类,16.829000,168.290000,4,4.207250,4.715000,1.274150,5.081000,0.302846,2021-07-21,2021-07-30,10,10,0.400000,185,0.999206
102900011035849,大白菜秧,1011010101,花叶类,16.538000,116.564000,4,4.134500,4.334000,2.749562,7.199000,0.665029,2023-03-07,2023-04-05,30,30,0.133333,186,0.999241
102900011006955,冰草,1011010101,花叶类,16.337000,229.820400,17,0.961000,0.766000,0.971509,4.055000,1.010936,2021-06-23,2022-02-04,227,226,0.074890,187,0.999276
102900011008676,荠菜,1011010101,花叶类,15.887000,92.088400,14,1.134786,1.159500,0.731690,2.588000,0.644782,2020-11-09,2023-02-10,824,814,0.016990,188,0.999310
102900011011669,秀珍菇,1011010801,食用菌,14.708000,223.830000,17,0.865176,0.688000,0.599096,2.513000,0.692455,2020-11-25,2021-02-17,85,83,0.200000,189,0.999341
102900011008133,丝瓜尖,1011010101,花叶类,14.227000,286.490600,19,0.748789,0.497000,0.640383,3.013000,0.855225,2021-02-05,2023-02-25,751,741,0.025300,190,0.999371
102900011000632,紫白菜(1),1011010201,花菜类,13.251000,180.252600,15,0.883400,0.798000,0.508841,1.578000,0.576003,2021-01-17,2022-04-29,468,465,0.032051,191,0.999399
102900011036068,菌蔬四宝(份),1011010801,食用菌,13.000000,86.700000,4,3.250000,3.500000,1.707825,5.000000,0.525485,2022-12-29,2023-01-01,4,4,1.000000,192,0.999427
102900011031759,红灯笼椒(份),1011010504,辣椒类,13.000000,47.300000,8,1.625000,1.500000,0.744024,3.000000,0.457861,2022-01-09,2022-02-11,34,33,0.235294,193,0.999454
102900011008515,面条菜,1011010101,花叶类,12.936000,117.897200,33,0.392000,0.226000,0.302030,1.203000,0.770485,2021-03-11,2023-04-03,754,746,0.043767,194,0.999482
102900011035962,野藕(2),1011010402,水生根茎类,11.398000,148.174000,6,1.899667,1.447000,1.461992,4.561000,0.769605,2022-11-16,2022-11-21,6,6,1.000000,195,0.999506
102900011026618,艾蒿,1011010101,花叶类,10.512000,43.320000,4,2.628000,2.501000,1.805707,4.874000,0.687103,2022-06-01,2023-06-22,387,380,0.010336,196,0.999528
102900011031841,双孢菇(份),1011010801,食用菌,10.000000,79.800000,4,2.500000,1.500000,2.380476,6.000000,0.952190,2022-02-08,2022-11-19,285,283,0.014035,197,0.999549
102900011032114,荸荠(份),1011010402,水生根茎类,10.000000,59.000000,6,1.666667,1.500000,0.816497,3.000000,0.489898,2022-02-13,2022-02-19,7,7,0.857143,198,0.999571
102900011026793,杏鲍菇(250克),1011010801,食用菌,10.000000,49.000000,5,2.000000,2.000000,1.000000,3.000000,0.500000,2021-07-05,2021-10-06,94,94,0.053191,199,0.999592
102900011034316,芝麻苋菜,1011010101,花叶类,9.381000,56.286000,1,9.381000,9.381000,,9.381000,,2022-05-19,2022-05-19,1,1,1.000000,200,0.999612
102900011033173,槐花,1011010101,花叶类,9.300000,174.070800,20,0.465000,0.295500,0.398571,1.375000,0.857142,2022-04-16,2023-05-16,396,389,0.050505,201,0.999632
102900011033968,西峡花菇(2),1011010801,食用菌,9.240000,178.066800,10,0.924000,0.633500,0.845771,2.509000,0.915336,2022-04-16,2022-04-29,14,14,0.714286,202,0.999651
102900011027615,菊花油菜,1011010101,花叶类,8.472000,84.720000,5,1.694400,0.993000,1.786607,4.883000,1.054418,2021-07-18,2021-07-23,6,6,0.833333,203,0.999669
106971563780002,鲜粽叶(袋)(2),1011010101,花叶类,8.000000,39.200000,4,2.000000,1.500000,1.414214,4.000000,0.707107,2022-05-18,2022-05-26,9,9,0.444444,204,0.999686
102900011034705,菌菇火锅套餐(份),1011010801,食用菌,8.000000,90.100000,4,2.000000,2.000000,1.154701,3.000000,0.577350,2023-01-06,2023-01-19,14,14,0.285714,205,0.999703
102900011000335,紫圆茄,1011010501,茄类,7.658000,94.530000,8,0.957250,0.706500,0.738441,2.525000,0.771420,2021-07-17,2022-07-02,351,350,0.022792,206,0.999719
102900011007471,薄荷叶,1011010101,花叶类,7.568000,133.504800,31,0.244129,0.167000,0.170090,0.746000,0.696720,2021-03-31,2023-06-10,802,794,0.038653,207,0.999735
102900011008492,大芥兰,1011010101,花叶类,7.480000,27.424000,2,3.740000,3.740000,1.706956,4.947000,0.456405,2021-07-18,2021-07-19,2,2,1.000000,208,0.999751
106931885000035,绣球菌,1011010801,食用菌,7.000000,89.900000,6,1.166667,1.000000,0.408248,2.000000,0.349927,2020-10-04,2021-04-12,191,189,0.031414,209,0.999766
102900011030615,猪肚菇(盒),1011010801,食用菌,7.000000,79.400000,6,1.166667,1.000000,0.408248,2.000000,0.349927,2021-12-29,2022-01-11,14,14,0.428571,210,0.999781
102900011029299,紫螺丝椒,1011010504,辣椒类,6.843000,119.585400,10,0.684300,0.443500,0.566338,1.965000,0.827616,2022-06-18,2023-01-20,217,211,0.046083,211,0.999795
102900011021699,牛排菇,1011010801,食用菌,6.602000,187.403600,10,0.660200,0.588000,0.421538,1.585000,0.638501,2020-12-12,2021-11-07,331,329,0.030211,212,0.999810
102900011026502,鲜粽子叶,1011010101,花叶类,6.320000,122.029200,8,0.790000,0.677000,0.419440,1.455000,0.530937,2021-06-05,2021-06-13,9,9,0.888889,213,0.999823
102900011034323,鲜粽叶,1011010101,花叶类,6.009000,114.274200,9,0.667667,0.693000,0.342422,1.395000,0.512864,2022-05-22,2022-06-01,11,11,0.818182,214,0.999836
102900011031742,灯笼椒(份),1011010504,辣椒类,6.000000,16.500000,4,1.500000,1.000000,1.000000,3.000000,0.666667,2022-01-14,2022-01-24,11,11,0.363636,215,0.999848
102900011012871,黑皮鸡枞菌,1011010801,食用菌,5.795000,603.127000,16,0.362187,0.248500,0.256337,1.104000,0.707746,2020-09-22,2020-12-25,95,95,0.168421,216,0.999861
102900011030561,赤松茸(盒),1011010801,食用菌,5.000000,84.000000,5,1.000000,1.000000,0.000000,1.000000,0.000000,2021-12-29,2022-01-05,8,8,0.625000,217,0.999871
102900011033999,圆茄子(1),1011010501,茄类,4.981000,25.901200,3,1.660333,0.368000,2.271375,4.283000,1.368024,2022-09-06,2022-09-09,4,4,0.750000,218,0.999882
102900011007495,蒲公英,1011010101,花叶类,4.232000,123.915500,18,0.235111,0.154500,0.232022,0.936000,0.986862,2021-08-16,2023-04-08,601,593,0.029950,219,0.999891
102900011030639,黑皮鸡枞菌(盒),1011010801,食用菌,4.000000,69.300000,3,1.333333,1.000000,0.577350,2.000000,0.433013,2022-01-02,2022-01-05,4,4,0.750000,220,0.999899
102900011030622,黑牛肝菌(盒),1011010801,食用菌,4.000000,79.200000,3,1.333333,1.000000,0.577350,2.000000,0.433013,2021-12-29,2021-12-31,3,3,1.000000,221,0.999908
102900011015384,马兰头,1011010101,花叶类,3.390000,161.265800,14,0.242143,0.216000,0.151061,0.649000,0.623850,2022-03-01,2022-04-14,45,45,0.311111,222,0.999915
102900011008577,猴头菇,1011010801,食用菌,3.000000,24.500000,3,1.000000,1.000000,0.000000,1.000000,0.000000,2020-11-12,2022-03-09,483,480,0.006211,223,0.999921
102900011036266,鹿茸菇(盒),1011010801,食用菌,3.000000,14.700000,2,1.500000,1.500000,0.707107,2.000000,0.471405,2023-02-13,2023-02-17,5,5,0.400000,224,0.999928
102900011034538,花菇(一人份),1011010801,食用菌,3.000000,18.700000,3,1.000000,1.000000,0.000000,1.000000,0.000000,2023-01-31,2023-02-13,14,14,0.214286,225,0.999934
102900011030417,洪山菜薹莲藕拼装礼盒,1011010101,花叶类,3.000000,48.800000,3,1.000000,1.000000,0.000000,1.000000,0.000000,2023-01-11,2023-01-23,13,12,0.230769,226,0.999940
102900011030400,洪山菜薹珍品手提袋,1011010101,花叶类,3.000000,44.500000,1,3.000000,3.000000,,3.000000,,2023-01-07,2023-01-07,1,1,1.000000,227,0.999947
102900011029688,双沟白菜,1011010101,花叶类,2.886000,17.316000,2,1.443000,1.443000,1.019648,2.164000,0.706617,2021-11-05,2021-11-08,4,4,0.500000,228,0.999953
102900011021675,赤松茸,1011010801,食用菌,2.388000,61.610400,3,0.796000,0.840000,0.392852,1.165000,0.493533,2023-04-17,2023-04-19,3,3,1.000000,229,0.999958
102900011032480,白蒿,1011010101,花叶类,2.224000,54.725400,14,0.158857,0.178000,0.064496,0.307000,0.405997,2023-02-15,2023-03-23,37,37,0.378378,230,0.999963
106931885000356,绣球菌(袋),1011010801,食用菌,2.000000,25.600000,2,1.000000,1.000000,0.000000,1.000000,0.000000,2022-04-25,2022-04-30,6,6,0.333333,231,0.999967
102900005116905,青杭椒(1),1011010504,辣椒类,1.817000,33.116800,5,0.363400,0.339000,0.096378,0.496000,0.265213,2021-02-10,2021-09-06,209,207,0.023923,232,0.999971
102900005128748,黄花菜,1011010101,花叶类,1.784000,127.607600,6,0.297333,0.238000,0.230022,0.670000,0.773618,2021-08-20,2023-05-13,632,624,0.009494,233,0.999975
102900011029275,紫尖椒,1011010504,辣椒类,1.754000,28.064000,2,0.877000,0.877000,0.789131,1.435000,0.899807,2021-12-10,2021-12-11,2,2,1.000000,234,0.999978
102900011010563,鸡枞菌,1011010801,食用菌,1.215000,92.097000,3,0.405000,0.475000,0.222421,0.584000,0.549187,2020-09-24,2020-09-26,3,3,1.000000,235,0.999981
102900011033586,绿牛油,1011010101,花叶类,1.153000,22.829400,1,1.153000,1.153000,,1.153000,,2022-04-13,2022-04-13,1,1,1.000000,236,0.999983
102900011011058,黑牛肝菌,1011010801,食用菌,1.084000,81.144400,3,0.361333,0.224000,0.239602,0.638000,0.663106,2022-08-28,2023-05-26,272,265,0.011029,237,0.999986
102900011023075,活体银耳,1011010801,食用菌,1.000000,4.900000,1,1.000000,1.000000,,1.000000,,2021-03-31,2021-03-31,1,1,1.000000,238,0.999988
102900011031858,金针菇(份),1011010801,食用菌,1.000000,3.500000,1,1.000000,1.000000,,1.000000,,2022-08-27,2022-08-27,1,1,1.000000,239,0.999990
106973223300667,虫草花(盒)(2),1011010801,食用菌,1.000000,12.900000,1,1.000000,1.000000,,1.000000,,2021-02-04,2021-02-04,1,1,1.000000,240,0.999992
102900011015391,甘蓝叶,1011010101,花叶类,0.943000,11.316000,1,0.943000,0.943000,,0.943000,,2021-03-11,2021-03-11,1,1,1.000000,241,0.999994
102900011033531,红珊瑚(粗叶),1011010101,花叶类,0.682000,13.503600,1,0.682000,0.682000,,0.682000,,2022-04-13,2022-04-13,1,1,1.000000,242,0.999996
102900051000890,芥兰,1011010101,花叶类,0.671000,6.710000,1,0.671000,0.671000,,0.671000,,2021-07-22,2021-07-22,1,1,1.000000,243,0.999997
102900011033913,紫白菜(2),1011010201,花菜类,0.615000,9.024000,2,0.307500,0.307500,0.142128,0.408000,0.462206,2022-04-21,2022-04-23,3,3,0.666667,244,0.999998
102900011033562,红橡叶,1011010101,花叶类,0.419000,8.296200,1,0.419000,0.419000,,0.419000,,2022-04-13,2022-04-13,1,1,1.000000,245,0.999999
102900011009772,水果辣椒(橙色),1011010504,辣椒类,0.415000,10.707000,1,0.415000,0.415000,,0.415000,,2022-02-05,2022-02-05,1,1,1.000000,246,1.000000

