日期,花叶类,花菜类,水生根茎类,食用菌,辣椒类,茄类
2020-07-01,205.40200000000002,47.076,4.85,35.364999999999995,76.715,35.374
2020-07-02,198.362,43.943,4.6,48.510000000000005,66.06400000000001,32.199
2020-07-03,191.779,42.076,9.572000000000001,42.44199999999999,64.253,35.896
2020-07-04,236.587,55.662,5.439,47.262,81.28200000000001,57.067
2020-07-05,223.899,55.474000000000004,4.019,73.213,98.496,61.816
2020-07-06,195.74,42.721000000000004,3.089,40.578,58.682,30.727000000000004
2020-07-07,175.052,45.749,3.117,52.56,42.213,32.112
2020-07-08,158.57,45.43300000000001,10.605,43.968,65.88,39.67
2020-07-09,187.439,41.131,2.106,37.837,58.86,25.921
2020-07-10,179.833,62.343999999999994,9.025,41.429,58.936,37.86
2020-07-11,271.12,76.564,8.928,52.238,85.93599999999999,68.277
2020-07-12,300.189,71.615,13.994,55.96,72.459,81.706
2020-07-13,190.832,32.028,11.605,42.113,61.24,44.379
2020-07-14,190.59900000000002,57.575,9.007,44.836,66.745,34.747
2020-07-15,218.094,37.962,10.238000000000001,42.196,73.35400000000001,38.17
2020-07-16,215.526,39.45,11.354000000000001,53.685,72.656,26.586
2020-07-17,201.67000000000002,44.198,10.727,51.908,61.025000000000006,37.251000000000005
2020-07-18,275.265,61.087999999999994,10.418,71.884,85.051,56.585
2020-07-19,321.164,76.351,11.123999999999999,80.322,103.77600000000001,71.772
2020-07-20,204.99699999999999,47.431,9.548,52.617000000000004,67.35,33.947
2020-07-21,214.99,49.004999999999995,12.744,45.905,56.992999999999995,27.094
2020-07-22,232.78300000000002,53.675,11.049999999999999,66.794,81.36,48.247
2020-07-23,200.441,39.425,30.417,56.759,57.638999999999996,44.141999999999996
2020-07-24,176.325,38.284000000000006,11.739999999999998,49.201,58.738,34.97
2020-07-25,227.137,57.421,10.424,67.013,94.20600000000002,61.874
2020-07-26,250.825,64.119,12.988,71.295,102.061,69.521
2020-07-27,198.00900000000001,42.876000000000005,17.265,52.777,71.402,36.121
2020-07-28,165.443,34.937,13.959,47.728,66.001,40.34
2020-07-29,193.72899999999998,42.22,18.597,54.315,82.494,40.777
2020-07-30,201.743,38.198,10.645000000000001,50.774,68.219,46.311
2020-07-31,197.166,37.549,19.062,45.587,41.104,34.092
2020-08-01,229.89,54.361999999999995,21.432000000000002,53.797,66.15599999999999,48.80499999999999
2020-08-02,243.138,49.219,56.153999999999996,54.961,67.963,50.893
2020-08-03,207.843,44.426,15.555000000000001,48.575,86.474,45.191
2020-08-04,180.012,44.534000000000006,26.208,45.301,73.36500000000001,30.591
2020-08-05,244.39499999999998,43.631,21.451999999999998,62.84,82.229,49.472
2020-08-06,234.77700000000002,40.827,19.115,48.611000000000004,74.047,31.596
2020-08-07,204.941,40.272000000000006,25.415,68.177,78.61099999999999,51.799
2020-08-08,311.161,58.156000000000006,27.461,92.144,100.292,63.763999999999996
2020-08-09,250.58999999999997,54.876,25.900000000000002,73.07300000000001,73.684,51.834999999999994
2020-08-10,210.292,50.7,30.683,36.094,78.905,47.664
2020-08-11,216.71300000000002,56.278999999999996,20.458,40.016999999999996,73.292,33.572
2020-08-12,206.877,50.065,27.354999999999997,34.195,85.166,36.009
2020-08-13,188.208,47.468,19.324,35.65,61.767999999999994,31.109
2020-08-14,217.758,58.581999999999994,29.991,53.795,76.489,37.826
2020-08-15,245.136,79.38,25.642,58.015,94.285,43.278999999999996
2020-08-16,241.48000000000002,60.230999999999995,24.454,55.092999999999996,95.285,48.366
2020-08-17,215.63299999999998,51.749,15.916,47.418,72.953,35.013999999999996
2020-08-18,225.113,55.92,21.753,45.716,76.92,34.019000000000005
2020-08-19,214.173,64.061,17.95,50.126,80.919,30.347
2020-08-20,233.53199999999998,69.58699999999999,22.966,54.411,75.953,37.957
2020-08-21,207.076,50.062,34.598,50.0,85.19800000000001,29.694
2020-08-22,273.081,55.886,42.772,49.895,116.801,30.422
2020-08-23,261.552,71.556,46.056999999999995,55.226,93.71400000000001,47.316
2020-08-24,260.694,41.784,20.305,39.576,97.07900000000001,26.874000000000002
2020-08-25,343.427,47.760999999999996,20.062,54.488,107.213,23.272
2020-08-26,241.686,82.544,18.95,42.811,82.32,30.722
2020-08-27,199.007,92.506,19.487000000000002,50.458,89.92,19.129
2020-08-28,195.032,39.93,20.997,55.659,156.11,24.597
2020-08-29,267.031,56.803,65.814,62.431,145.627,30.675
2020-08-30,266.387,80.779,30.005000000000003,73.195,155.81099999999998,21.641
2020-08-31,224.882,54.722,52.949,44.775999999999996,117.96499999999999,15.943
2020-09-01,191.655,55.858000000000004,47.658,47.282,102.504,26.328999999999997
2020-09-02,179.819,38.715999999999994,17.941,51.011,83.96900000000001,13.873000000000001
2020-09-03,193.463,38.893,15.996,48.163,87.119,14.172
2020-09-04,176.316,46.612,16.634999999999998,54.43,91.579,20.233
2020-09-05,249.559,57.828,42.553999999999995,62.594,110.439,33.731
2020-09-06,276.111,53.202,46.963,78.472,126.5,33.397
2020-09-07,148.221,26.256999999999998,38.925999999999995,41.804,56.473000000000006,17.365000000000002
2020-09-08,158.329,33.239,19.127,32.388999999999996,50.259,20.623
2020-09-09,131.492,32.730000000000004,12.161000000000001,33.45,39.795,12.041
2020-09-10,119.91900000000001,57.319,14.491999999999999,35.789,49.321,16.916
2020-09-11,151.957,31.537999999999997,13.364,48.467,50.22,22.019000000000002
2020-09-12,231.88400000000001,43.337,16.957,73.173,74.51,21.411
2020-09-13,263.345,41.704,18.739,74.834,83.723,28.737
2020-09-14,175.844,64.257,17.360999999999997,31.147000000000002,48.550000000000004,16.134
2020-09-15,156.048,29.878,19.219,41.578,49.991,13.243
2020-09-16,176.949,59.448,18.817999999999998,35.413,46.894999999999996,15.193999999999999
2020-09-17,143.534,32.647999999999996,17.437,39.259,46.145,22.924
2020-09-18,154.388,27.705,11.389,38.541,48.075,13.805
2020-09-19,235.87400000000002,82.76,39.431,60.52,84.269,30.406
2020-09-20,317.998,53.497,39.551,50.42,99.148,41.474000000000004
2020-09-21,212.997,39.191,16.289,63.528999999999996,56.561,20.868000000000002
2020-09-22,232.243,40.905,37.808,49.058,77.009,25.819000000000003
2020-09-23,179.262,31.971999999999998,18.629,56.265,54.327,22.515
2020-09-24,162.861,38.952,51.886,61.336,50.486000000000004,18.9
2020-09-25,173.781,41.561,22.732,64.509,53.937999999999995,26.529
2020-09-26,227.77100000000002,86.643,65.744,94.495,68.09400000000001,33.516999999999996
2020-09-27,199.81300000000002,35.964,28.289,72.522,54.459,20.532
2020-09-28,114.933,24.576,11.860999999999999,46.913000000000004,37.410000000000004,18.401
2020-09-29,157.957,28.105,24.134999999999998,45.485,57.017,24.719
2020-09-30,177.12900000000002,60.771,36.839,110.358,53.628,25.865000000000002
2020-10-01,248.415,93.92800000000001,55.356,103.929,64.092,32.482
2020-10-02,244.124,67.14500000000001,21.930999999999997,89.316,69.054,38.762
2020-10-03,298.341,44.493,18.497,60.052,84.72800000000001,63.535
2020-10-04,232.776,34.491,19.254,122.501,75.21,43.849000000000004
2020-10-05,294.623,92.279,79.752,126.518,87.93299999999999,31.128
2020-10-06,287.297,108.157,25.784,124.059,81.727,42.318
2020-10-07,255.378,56.266000000000005,52.907,80.421,63.150999999999996,29.085
2020-10-08,252.73,49.58,31.951999999999998,328.488,72.023,33.49
2020-10-09,162.518,55.845,51.476000000000006,57.257999999999996,51.243,24.289
2020-10-10,175.163,37.393,22.07,75.63000000000001,52.510999999999996,26.814
2020-10-11,238.081,60.47,57.223000000000006,163.664,70.214,34.726
2020-10-12,170.21200000000002,34.815,38.333000000000006,102.38499999999999,48.979,17.875999999999998
2020-10-13,178.246,47.321,50.519,48.021,49.116,23.119
2020-10-14,182.96,48.259,46.207,73.831,46.36,13.742
2020-10-15,190.238,59.623999999999995,42.162,72.91,45.236,19.447
2020-10-16,170.77,88.36099999999999,58.973,69.80499999999999,44.67,20.139
2020-10-17,249.493,109.31099999999999,87.12,115.896,97.15499999999999,30.556
2020-10-18,226.73499999999999,91.597,79.338,113.125,88.24700000000001,36.361
2020-10-19,152.709,57.412,40.6,58.338,56.69,20.03
2020-10-20,186.078,30.899,49.434,45.419,49.296,13.777
2020-10-21,168.76500000000001,40.555,21.201,56.114000000000004,48.047,15.327
2020-10-22,117.235,26.166,35.917,94.688,50.037,14.725
2020-10-23,211.914,23.854,30.801000000000002,115.306,43.758,14.427
2020-10-24,282.107,31.113,67.932,115.39,77.097,22.221
2020-10-25,223.397,43.114,71.16,104.16,72.537,30.136
2020-10-26,157.832,22.371,20.666,62.363,45.43900000000001,10.797
2020-10-27,154.566,23.305,21.273,56.508,45.479,13.444
2020-10-28,167.542,30.296999999999997,32.418,75.211,49.395,12.238
2020-10-29,120.551,24.902,15.828,81.051,52.654,14.436
2020-10-30,148.243,28.939,18.769000000000002,74.23,46.452,12.192
2020-10-31,248.102,82.701,79.265,135.284,81.292,16.499000000000002
2020-11-01,206.956,69.062,71.332,127.967,73.72200000000001,15.407
2020-11-02,144.442,32.726,15.053,78.321,54.351,11.378
2020-11-03,135.067,52.370000000000005,15.727,65.34100000000001,66.83399999999999,10.846
2020-11-04,122.11399999999999,67.527,18.183,195.33999999999997,59.731,10.702
2020-11-05,146.327,57.354,8.347,129.089,45.282,9.067
2020-11-06,142.586,95.136,13.443,80.588,49.287,7.22
2020-11-07,224.29999999999998,121.453,71.413,122.896,69.738,10.878
2020-11-08,209.80800000000002,125.591,58.207,124.492,78.907,16.906
2020-11-09,144.911,57.592,14.579,63.22,64.616,10.062999999999999
2020-11-10,157.962,25.698,12.103,64.18,54.663,9.574
2020-11-11,150.867,63.25,17.155,64.52199999999999,65.834,15.585
2020-11-12,151.144,13.405999999999999,15.951,68.656,58.851,15.508000000000001
2020-11-13,141.977,60.306,13.766,67.676,70.24600000000001,8.044
2020-11-14,207.145,84.001,58.127,92.793,71.84,18.146
2020-11-15,227.231,77.798,45.353,73.108,74.078,18.317999999999998
2020-11-16,140.087,48.64,14.450000000000001,54.363,45.345,15.672
2020-11-17,222.517,43.621,24.762,131.979,43.486000000000004,12.224
2020-11-18,203.322,50.438,19.171,99.089,45.407,15.946
2020-11-19,207.79999999999998,77.165,22.976999999999997,90.297,59.111000000000004,12.808
2020-11-20,244.555,52.70099999999999,22.48,70.888,53.492,9.804
2020-11-21,460.646,114.066,95.789,169.382,79.774,25.451
2020-11-22,371.968,119.596,67.538,160.154,99.221,26.933
2020-11-23,294.311,74.623,34.987,195.788,59.056,15.902
2020-11-24,220.189,60.92700000000001,44.692,117.661,52.157,13.897
2020-11-25,237.713,37.137,38.697,95.581,39.054,13.199
2020-11-26,282.923,34.766000000000005,24.099,110.276,48.086,12.868
2020-11-27,225.596,28.934,23.178,112.979,53.11600000000001,13.175
2020-11-28,400.295,79.441,30.289,187.133,82.485,18.759
2020-11-29,287.707,77.33500000000001,31.494,168.218,66.151,20.701999999999998
2020-11-30,207.35299999999998,41.156000000000006,18.480999999999998,100.48599999999999,54.214,18.29
2020-12-01,287.79699999999997,25.82,25.029,99.477,47.882,9.271
2020-12-02,213.66500000000002,24.46,22.979,185.141,48.74,9.603
2020-12-03,274.09700000000004,27.342,35.348,97.39500000000001,48.794999999999995,12.913
2020-12-04,242.529,27.457,87.25,110.875,42.929,11.517
2020-12-05,306.959,72.116,43.518,155.115,50.32,18.692999999999998
2020-12-06,367.129,67.968,93.761,234.205,61.77,18.881
2020-12-07,197.718,29.017,60.127,91.333,39.565999999999995,10.537
2020-12-08,183.98,29.686,78.345,89.028,38.132,10.904
2020-12-09,180.673,20.825,39.897,80.164,36.059,9.89
2020-12-10,188.539,20.405,48.448,89.363,45.747,11.411
2020-12-11,212.51,30.644,55.726,94.15299999999999,44.514,14.918
2020-12-12,269.619,65.792,71.47,174.431,55.182,11.965
2020-12-13,375.781,78.67,73.578,197.615,76.78399999999999,20.845000000000002
2020-12-14,197.654,33.376000000000005,65.517,83.089,48.394,12.715
2020-12-15,203.80800000000002,33.43,51.769000000000005,99.925,41.065999999999995,10.295
2020-12-16,152.029,26.065,47.282000000000004,74.212,34.839999999999996,9.313
2020-12-17,167.799,31.098,47.929,94.652,33.18,12.154
2020-12-18,151.08,26.454,63.361999999999995,86.25999999999999,41.801,19.541
2020-12-19,266.55,60.29,86.825,154.68099999999998,68.24,14.524000000000001
2020-12-20,276.911,89.851,77.313,142.972,64.273,14.386
2020-12-21,136.041,37.057,48.468,84.045,30.846,12.997
2020-12-22,152.185,27.345999999999997,38.698,76.199,38.615,11.078999999999999
2020-12-23,143.966,39.823,43.83,67.604,41.738,9.4
2020-12-24,218.53300000000002,39.293,61.82299999999999,76.09,37.463,9.801
2020-12-25,159.654,33.711,65.984,148.943,53.083,10.328
2020-12-26,285.224,62.717,103.905,136.159,52.907000000000004,16.19
2020-12-27,288.755,51.016000000000005,93.232,118.129,52.745,11.874
2020-12-28,251.45499999999998,33.949,63.262,69.819,45.863,13.266
2020-12-29,223.512,33.714,54.92399999999999,79.647,28.906000000000002,12.741000000000001
2020-12-30,146.39,33.438,75.742,66.631,32.167,16.318
2020-12-31,179.177,23.092,73.305,120.945,45.583999999999996,20.724999999999998
2021-01-01,224.797,55.985,91.56899999999999,136.338,67.733,18.037
2021-01-02,212.911,31.833,102.214,115.296,62.422,18.302
2021-01-03,224.88,50.09,76.505,103.871,73.797,13.385
2021-01-04,177.80100000000002,24.728,68.24799999999999,95.499,58.505,9.866999999999999
2021-01-05,154.654,49.049,89.144,83.705,37.556,14.439
2021-01-06,176.82399999999998,51.711,49.852,81.462,44.528000000000006,13.689
2021-01-07,161.628,42.427,54.723,96.002,50.183,12.56
2021-01-08,234.46200000000002,29.703000000000003,53.903999999999996,90.415,37.342,12.049
2021-01-09,233.427,47.188,90.49000000000001,129.833,78.49799999999999,17.965
2021-01-10,250.645,57.696,79.56299999999999,137.986,68.36500000000001,23.755
2021-01-11,182.204,28.862000000000002,47.911,81.67,46.768,15.841000000000001
2021-01-12,173.449,18.847,55.595,73.283,35.595,6.304
2021-01-13,172.101,25.301,40.616,76.684,37.065000000000005,0.0
2021-01-14,148.947,34.119,43.510000000000005,75.963,39.296,18.643
2021-01-15,171.213,30.979,51.428,101.383,39.211,14.644
2021-01-16,252.82500000000002,45.807,82.624,150.015,76.17399999999999,20.109
2021-01-17,228.99099999999999,45.21,67.482,141.492,74.534,24.613
2021-01-18,167.11899999999997,33.17,48.095,72.532,48.166,10.266
2021-01-19,216.055,33.818,42.265,74.431,50.827,9.304
2021-01-20,197.824,33.626999999999995,44.546,90.131,51.058,19.320999999999998
2021-01-21,219.93,27.553,48.089,63.013,57.724000000000004,23.411
2021-01-22,218.136,32.636,48.728,88.79599999999999,54.45,12.332999999999998
2021-01-23,214.81500000000003,48.218,66.893,117.521,87.038,20.333000000000002
2021-01-24,350.342,56.086,88.664,127.934,99.11500000000001,23.807
2021-01-25,224.149,34.554,86.892,79.116,68.681,20.041
2021-01-26,215.643,36.857,59.222,101.362,57.954,16.078
2021-01-27,208.029,50.986000000000004,50.075,108.756,105.094,11.937000000000001
2021-01-28,160.384,47.788,58.18,80.927,70.075,17.791999999999998
2021-01-29,151.96200000000002,56.588,48.372,69.324,66.029,15.072
2021-01-30,236.77700000000002,63.123999999999995,39.938,94.904,91.796,23.084
2021-01-31,249.269,37.907,47.573,104.054,84.45100000000001,24.61
2021-02-01,181.621,25.144,50.34,69.564,71.64,13.664
2021-02-02,193.791,41.328,47.32300000000001,88.048,92.145,24.133000000000003
2021-02-03,223.102,84.61500000000001,36.091,91.564,79.053,14.937999999999999
2021-02-04,197.832,69.983,61.4,111.069,96.194,27.715999999999998
2021-02-05,194.292,58.169,56.39,95.222,124.448,25.906
2021-02-06,212.817,75.497,55.471999999999994,119.696,194.842,39.051
2021-02-07,193.778,53.682,101.527,147.812,159.904,43.635000000000005
2021-02-08,234.405,122.215,124.55000000000001,240.205,289.227,58.326
2021-02-09,282.558,139.056,211.43099999999998,326.993,423.696,87.912
2021-02-10,503.976,167.055,296.79200000000003,511.136,505.888,118.93100000000001
2021-02-11,,,,,,
2021-02-12,,,,,,
2021-02-13,243.48499999999999,22.759,50.0,74.519,104.485,28.967
2021-02-14,195.74,16.607,65.073,164.586,116.812,25.06
2021-02-15,300.13,41.123,68.394,212.364,168.272,39.655
2021-02-16,253.696,40.493,67.819,174.61,151.649,31.647
2021-02-17,180.052,33.589,53.632,144.793,133.64600000000002,30.358
2021-02-18,227.336,56.001000000000005,62.327,130.174,105.697,18.169999999999998
2021-02-19,184.16899999999998,47.197,73.044,92.327,116.07,13.768999999999998
2021-02-20,175.262,39.445,60.611999999999995,88.794,119.306,21.798000000000002
2021-02-21,144.855,35.248000000000005,38.554,79.403,80.423,33.803
2021-02-22,139.491,30.813,40.444,66.554,72.834,15.47
2021-02-23,136.05,24.456,44.084,77.586,85.425,25.429
2021-02-24,190.158,37.41,54.382,88.233,60.043,22.668
2021-02-25,156.613,39.885000000000005,74.027,110.55699999999999,100.118,34.617999999999995
2021-02-26,276.322,70.064,72.508,159.095,135.777,31.286
2021-02-27,218.04000000000002,74.70400000000001,45.650999999999996,116.814,122.32199999999999,22.579
2021-02-28,309.688,54.673,49.705,111.764,114.677,27.705
2021-03-01,241.709,28.579,29.048,79.404,97.068,27.232
2021-03-02,182.984,40.61,46.406,62.044,83.36300000000001,16.541
2021-03-03,186.00799999999998,22.009999999999998,20.756999999999998,71.027,80.749,23.654
2021-03-04,145.281,18.951999999999998,28.177,72.465,93.076,20.344
2021-03-05,211.185,41.955,35.138000000000005,82.58500000000001,101.49799999999999,22.986
2021-03-06,288.817,64.332,61.735,151.214,167.583,38.176
2021-03-07,264.314,84.586,36.888999999999996,125.428,122.568,26.748
2021-03-08,211.746,45.65,26.921,78.721,80.39900000000002,19.815
2021-03-09,170.907,34.073,42.608,143.511,66.895,20.838
2021-03-10,119.599,25.101,24.891000000000002,91.994,59.548,14.35
2021-03-11,158.357,30.749000000000002,31.801000000000002,75.477,57.357,16.37
2021-03-12,152.44,31.281999999999996,21.764,84.232,102.131,23.836000000000002
2021-03-13,169.055,43.016999999999996,47.086,101.865,104.089,26.434
2021-03-14,176.032,41.13,30.295,75.95,117.089,17.721
2021-03-15,90.812,28.603,22.597,40.423,85.656,13.658000000000001
2021-03-16,100.12100000000001,19.792,19.772,44.844,72.12599999999999,13.577
2021-03-17,107.653,29.326,19.493000000000002,44.029,83.755,19.313
2021-03-18,128.058,29.081000000000003,20.852,65.501,73.733,11.866
2021-03-19,140.893,42.902,39.292,69.141,67.509,16.235
2021-03-20,267.979,34.377,39.984,77.235,117.89,21.477
2021-03-21,199.712,51.413,41.705,94.838,112.176,17.949
2021-03-22,115.022,30.625,10.113,50.802,70.689,11.561
2021-03-23,134.706,28.634,13.349,48.174,66.931,19.311999999999998
2021-03-24,103.50500000000001,27.331000000000003,14.013,35.583,42.484,15.113
2021-03-25,86.632,25.174,15.827,46.89,50.798,14.620999999999999
2021-03-26,167.327,48.956,40.178000000000004,83.562,60.937,21.313
2021-03-27,199.727,51.805,43.191,69.658,78.794,26.111
2021-03-28,161.16400000000002,50.119,30.709999999999997,55.673,78.41000000000001,19.628
2021-03-29,111.30799999999999,60.434000000000005,15.5,47.327,62.153999999999996,16.139
2021-03-30,130.803,26.924,14.905,32.144999999999996,59.57299999999999,21.407
2021-03-31,143.294,28.740000000000002,19.503,45.089,59.255,21.649
2021-04-01,162.291,39.108999999999995,20.743,48.978,52.994,20.604
2021-04-02,179.383,69.53,37.763999999999996,72.574,70.727,20.665
2021-04-03,212.267,68.593,38.786,75.739,100.323,32.709999999999994
2021-04-04,192.021,71.456,33.95,61.709,88.244,22.976
2021-04-05,178.469,76.701,24.241,68.049,112.577,16.492
2021-04-06,55.611000000000004,13.129999999999999,3.622,11.671,35.074999999999996,3.138
2021-04-07,198.107,26.939,17.735,47.805,62.9,16.213
2021-04-08,136.899,22.294,9.582,35.491,52.596000000000004,20.319000000000003
2021-04-09,145.026,51.978,29.704,31.401,54.274,17.451
2021-04-10,204.156,50.186,22.753,60.287,84.84,25.525
2021-04-11,211.619,47.112,22.196,52.29,94.32600000000001,24.901999999999997
2021-04-12,148.371,32.027,4.178,43.328,38.756,10.203
2021-04-13,127.20700000000001,28.593,5.553,40.041,51.480000000000004,13.4
2021-04-14,151.82999999999998,30.12,19.197,41.387,47.052,18.975
2021-04-15,130.081,27.05,17.098,40.15,44.413,12.151
2021-04-16,130.808,40.232,19.018,47.162,62.197,15.371
2021-04-17,194.95100000000002,77.636,35.302,70.81700000000001,72.26599999999999,20.407
2021-04-18,194.451,48.315,22.237000000000002,56.607,118.06299999999999,28.972
2021-04-19,134.781,25.092,12.658000000000001,36.293,59.01500000000001,17.311
2021-04-20,150.715,30.338,12.167000000000002,37.650999999999996,64.062,16.234
2021-04-21,182.939,49.748000000000005,13.078000000000001,31.173000000000002,50.684,26.622
2021-04-22,150.806,34.614999999999995,11.64,40.04,47.905,15.227
2021-04-23,171.226,47.035000000000004,10.413,49.109,53.397,27.427
2021-04-24,264.803,107.309,17.178,78.6,102.501,37.796
2021-04-25,221.785,94.264,11.454,37.692,71.047,24.708
2021-04-26,151.258,43.118,11.870999999999999,37.392,60.716,12.618
2021-04-27,135.216,26.490000000000002,9.127,26.080000000000002,50.15,31.042
2021-04-28,125.78500000000001,29.405,7.359,33.609,47.189,27.487
2021-04-29,134.898,33.858000000000004,8.818,32.548,54.543,15.705
2021-04-30,138.58499999999998,38.125,14.856000000000002,34.271,52.865,26.786
2021-05-01,171.826,57.443,18.075,50.81,77.396,19.976
2021-05-02,198.544,36.466,17.439,47.435,80.42,22.784
2021-05-03,226.26500000000001,37.613,18.743000000000002,54.995000000000005,83.419,25.174999999999997
2021-05-04,200.985,37.838,8.799,42.643,43.846,18.032
2021-05-05,203.532,34.156,15.352,60.989,72.08,17.339000000000002
2021-05-06,151.84,21.199,5.992,30.192,73.006,22.682
2021-05-07,147.508,26.046,6.436,33.543,73.96199999999999,20.724
2021-05-08,160.786,28.122,11.456999999999999,33.331,69.52900000000001,22.625
2021-05-09,216.668,37.443,21.145,44.849000000000004,95.075,30.75
2021-05-10,157.721,30.866,8.06,26.427,60.824999999999996,24.956
2021-05-11,190.06,27.768,8.963000000000001,29.889,46.524,26.533
2021-05-12,182.519,19.252,6.0809999999999995,31.02,42.616,19.247
2021-05-13,157.293,24.095,14.949000000000002,29.537,47.949,20.687
2021-05-14,191.116,40.997,11.411999999999999,29.278,51.909,32.193
2021-05-15,258.278,37.346999999999994,12.399000000000001,49.932,86.637,40.776
2021-05-16,212.588,52.382000000000005,6.386,51.103,153.409,19.009
2021-05-17,176.65800000000002,27.587000000000003,5.011,25.733,76.099,29.921
2021-05-18,173.271,31.098,12.309000000000001,29.45,84.864,23.783
2021-05-19,140.823,33.900999999999996,12.199,28.798000000000002,76.853,20.578
2021-05-20,148.851,17.189,9.406,35.447,61.568,22.177
2021-05-21,106.47200000000001,33.979,4.178,43.516,36.494,21.886
2021-05-22,190.363,34.961999999999996,9.18,45.209,98.93599999999999,25.845
2021-05-23,217.25900000000001,64.231,17.229,62.384,137.485,42.331
2021-05-24,148.83100000000002,40.924,4.28,29.627000000000002,54.77199999999999,17.043
2021-05-25,130.32500000000002,29.554000000000002,5.412,35.047,57.519,17.94
2021-05-26,166.467,46.547,4.008,31.969,65.416,15.809999999999999
2021-05-27,145.237,43.952,8.319,19.574,37.078,15.645
2021-05-28,123.824,42.189,6.205,28.172,67.01,16.472
2021-05-29,180.875,52.779,9.57,35.882,116.845,18.291
2021-05-30,196.236,21.296,4.719,33.492,106.61500000000001,27.038
2021-05-31,191.98,39.165,5.404,34.114,60.118,25.363
2021-06-01,151.091,41.593,7.2170000000000005,33.668,76.648,26.938
2021-06-02,178.517,43.414,8.681000000000001,43.528,89.38600000000001,27.706
2021-06-03,142.372,36.284,11.019,48.365,75.206,11.679
2021-06-04,121.093,31.416000000000004,13.461,47.048,63.703,16.743
2021-06-05,204.287,61.486,19.494999999999997,42.32,91.95,36.367000000000004
2021-06-06,222.817,42.143,7.1819999999999995,32.745000000000005,88.671,30.644000000000002
2021-06-07,148.539,24.819000000000003,8.757,27.872,68.965,29.868000000000002
2021-06-08,144.482,25.106,7.394,28.108,56.101,24.611
2021-06-09,126.35900000000001,26.845,7.943,31.399,52.093,19.353
2021-06-10,122.004,13.847,10.34,29.393,57.091,24.961
2021-06-11,129.982,21.048000000000002,6.744,25.579,74.87299999999999,16.567
2021-06-12,210.267,52.462,22.347,62.009,77.636,48.073
2021-06-13,211.28,62.324,11.431000000000001,74.602,88.876,40.009
2021-06-14,170.272,73.037,14.049,56.049,69.697,37.545
2021-06-15,127.71900000000001,45.326,9.998000000000001,31.346,61.187000000000005,20.698
2021-06-16,104.991,12.99,5.187,29.826,46.695,19.793
2021-06-17,113.507,48.477,9.409,22.835,45.845,28.237000000000002
2021-06-18,150.875,34.971000000000004,7.902000000000001,29.866999999999997,46.754000000000005,27.339000000000002
2021-06-19,203.369,44.510999999999996,10.313,39.484,87.633,30.488
2021-06-20,202.30700000000002,43.614000000000004,10.001000000000001,38.578,85.134,61.881
2021-06-21,150.07,54.07,9.9,24.224,58.693000000000005,18.566
2021-06-22,126.439,26.162,13.910000000000002,29.299,56.135,30.919999999999998
2021-06-23,123.214,57.723,10.931,32.793,53.900999999999996,24.859
2021-06-24,127.946,34.885,6.119,31.747,41.586,19.543
2021-06-25,146.582,40.437,10.916,32.537,35.531,12.895999999999999
2021-06-26,197.69,71.821,20.953,47.402,82.43900000000001,35.449
2021-06-27,213.547,56.542,19.982,49.14,79.121,31.775999999999996
2021-06-28,125.782,35.784,9.933,33.153,45.809999999999995,21.088
2021-06-29,110.196,34.383,9.52,26.399,40.321,19.721
2021-06-30,125.41499999999999,27.052,7.4639999999999995,41.537,39.114000000000004,27.424999999999997
2021-07-01,148.597,33.72,8.512,32.65,54.567,26.278
2021-07-02,133.586,24.972,10.79,34.247,51.785,28.564999999999998
2021-07-03,197.925,48.497,29.657,66.849,73.552,47.285000000000004
2021-07-04,197.322,45.679,24.214,44.466,57.583,39.241
2021-07-05,176.276,66.35499999999999,14.947000000000001,40.491,53.877,49.588
2021-07-06,173.864,44.900999999999996,7.861,36.365,46.553000000000004,49.005
2021-07-07,149.514,40.488,8.404,26.099,38.244,31.752000000000002
2021-07-08,143.49099999999999,61.361000000000004,12.209,34.071,44.995,33.078
2021-07-09,114.96600000000001,28.476,4.507,26.496,34.612,22.81
2021-07-10,176.065,70.59,14.838,41.077,52.771,49.929
2021-07-11,212.957,75.634,14.099,38.382000000000005,39.195,40.365
2021-07-12,140.305,24.48,7.559,24.08,42.472,24.025
2021-07-13,149.772,47.258,7.123,18.59,24.629,28.125
2021-07-14,163.863,50.126999999999995,14.182,43.512,51.339,20.281
2021-07-15,141.75,27.631999999999998,5.779999999999999,29.008,48.957,17.221
2021-07-16,236.055,39.074,23.636,47.644,57.948,53.379999999999995
2021-07-17,223.655,79.35300000000001,27.115000000000002,46.115,60.20399999999999,29.918
2021-07-18,234.028,60.809999999999995,30.137999999999998,43.166,67.134,31.604
2021-07-19,174.827,34.935,15.754,40.629,40.146,19.986
2021-07-20,152.362,46.461,12.512,27.025000000000002,40.886,19.324
2021-07-21,152.653,52.983,18.057,36.182,58.081,22.554000000000002
2021-07-22,154.625,34.223,17.843,31.031,56.815,26.636
2021-07-23,150.636,38.509,13.844000000000001,28.61,45.059999999999995,19.1
2021-07-24,206.923,50.974000000000004,32.222,35.038,82.893,37.029
2021-07-25,248.502,60.229,24.134,36.532,72.38499999999999,29.736
2021-07-26,155.365,25.066,16.444,30.861,47.928000000000004,16.386
2021-07-27,189.082,53.678000000000004,33.891,29.008,54.649,20.927
2021-07-28,205.803,58.303000000000004,32.418,35.805,63.485,15.551
2021-07-29,193.613,31.376,17.107,26.28,33.377,59.522000000000006
2021-07-30,214.155,43.631,20.72,28.865000000000002,50.32099999999999,33.845
2021-07-31,255.972,47.858999999999995,23.282,44.567,57.01499999999999,24.536
2021-08-01,251.27100000000002,66.798,36.228,42.984,76.324,20.536
2021-08-02,283.115,24.162,22.943,57.647999999999996,79.129,35.577
2021-08-03,264.825,20.641,27.549,42.284,55.900999999999996,48.443999999999996
2021-08-04,313.269,14.278,22.617,50.028,89.04,33.147
2021-08-05,245.944,26.638,15.634,58.355000000000004,65.069,29.119999999999997
2021-08-06,189.756,28.948,22.376,51.397,51.048,20.331
2021-08-07,232.089,40.416,28.627,53.974000000000004,69.382,23.784
2021-08-08,265.775,50.406,24.273,57.351,54.567,32.192
2021-08-09,234.344,56.607,19.711000000000002,41.987,61.457,31.015
2021-08-10,193.189,11.233,24.532,39.230000000000004,66.971,22.361
2021-08-11,225.45,1.054,20.738,44.244,61.666,25.757
2021-08-12,275.876,12.870000000000001,28.536,52.714,83.793,37.175
2021-08-13,274.08,3.504,37.722,57.871,88.147,49.079
2021-08-14,281.13,16.528,27.112000000000002,74.363,96.491,35.09
2021-08-15,297.827,8.103,49.471000000000004,61.545,78.349,31.244999999999997
2021-08-16,190.57299999999998,6.045,50.533,41.091,52.116,24.663
2021-08-17,183.216,9.498000000000001,56.144999999999996,57.879,59.86000000000001,28.565
2021-08-18,185.59,8.645,54.55,38.636,54.410000000000004,25.035
2021-08-19,183.245,8.906,28.569,35.688,50.98800000000001,31.477999999999998
2021-08-20,195.116,47.274,27.29,42.358000000000004,47.075,25.752
2021-08-21,241.956,34.9,37.692,70.575,67.62899999999999,33.887
2021-08-22,281.156,1.546,51.313,60.822,94.447,21.861
2021-08-23,178.374,4.509,38.788,40.53,15.773,29.713
2021-08-24,168.012,9.206999999999999,31.616,43.365,53.891000000000005,22.695
2021-08-25,145.216,2.219,35.363,34.177,53.903,27.139
2021-08-26,255.505,5.452,63.126,49.747,61.124,34.842
2021-08-27,259.053,19.567999999999998,56.396,61.288,64.045,33.381
2021-08-28,244.915,35.501999999999995,49.574,61.493,75.85000000000001,34.078
2021-08-29,229.082,56.181,55.375,65.999,81.325,39.917
2021-08-30,178.587,48.287000000000006,40.953,47.989,65.327,41.208
2021-08-31,165.821,42.879,31.335,42.531,66.341,39.432
2021-09-01,177.642,8.003,47.449,61.883,44.769,27.264000000000003
2021-09-02,161.364,27.869,45.638,40.494,44.128,24.511000000000003
2021-09-03,149.219,24.967,54.833999999999996,46.246,42.436,20.685
2021-09-04,221.353,32.878,66.40899999999999,78.639,90.712,26.823
2021-09-05,238.552,51.129,58.946,74.857,63.285,30.823
2021-09-06,191.936,34.751,33.471,37.744,42.718,20.716
2021-09-07,163.316,23.172,34.141999999999996,44.438,45.236,19.175
2021-09-08,161.268,15.183,38.571,42.227,36.083,16.32
2021-09-09,120.989,14.255,39.028,41.997,39.957,12.804
2021-09-10,133.882,24.651,43.851,35.582,36.978,13.491
2021-09-11,257.43,18.06,67.532,62.394000000000005,53.879999999999995,26.026
2021-09-12,275.532,32.063,57.208,57.278000000000006,52.389,34.906
2021-09-13,152.695,11.356,29.936999999999998,31.415,46.013999999999996,26.428
2021-09-14,163.291,10.777000000000001,41.431000000000004,35.185,34.598,24.411
2021-09-15,150.327,12.702,32.841,35.282,33.653,20.887
2021-09-16,97.458,9.283,35.964999999999996,38.913,33.706,28.808
2021-09-17,128.348,13.163,31.276,33.650999999999996,30.378,22.689
2021-09-18,134.812,35.325,34.827,41.645,45.04900000000001,25.935000000000002
2021-09-19,217.32,51.647,93.77,113.493,75.51100000000001,46.834999999999994
2021-09-20,224.8,70.42599999999999,94.882,92.289,88.648,40.869
2021-09-21,239.76999999999998,56.3,94.155,81.116,100.446,32.473
2021-09-22,138.42000000000002,39.227000000000004,30.22,36.948,50.963,31.009
2021-09-23,107.29,27.567,19.216,33.475,45.501000000000005,22.845
2021-09-24,104.729,8.431000000000001,32.314,40.365,40.147,15.31
2021-09-25,186.971,48.621,43.444,38.452,77.276,36.043
2021-09-26,150.342,2.299,48.868,27.192,46.272,28.75
2021-09-27,96.875,4.863,42.394999999999996,12.762,32.674,11.333
2021-09-28,104.01,12.669,33.697,21.671,34.777,19.695999999999998
2021-09-29,113.13499999999999,23.336,39.563,15.119,50.474,14.816
2021-09-30,106.12299999999999,34.511,38.451,22.234,37.589000000000006,18.756999999999998
2021-10-01,205.461,57.402,69.809,45.217,81.648,36.474
2021-10-02,171.744,40.743,61.245999999999995,38.088,67.466,31.974
2021-10-03,176.12300000000002,41.993,52.697,43.269999999999996,37.899,27.064999999999998
2021-10-04,172.9,40.928,40.08,38.497,70.16499999999999,20.632
2021-10-05,183.026,51.957,53.813,33.416,74.013,36.423
2021-10-06,265.796,42.165,50.852,55.723,79.233,24.095
2021-10-07,183.783,23.278,51.57,45.794,62.908,20.343000000000004
2021-10-08,138.652,19.823,49.695,50.073,65.80499999999999,23.041
2021-10-09,133.096,22.221999999999998,41.198,33.34,61.377,16.791999999999998
2021-10-10,263.384,41.877,58.704,78.23400000000001,111.30600000000001,24.273
2021-10-11,88.447,4.407,45.351,26.96,64.75500000000001,14.56
2021-10-12,100.028,18.627,29.953000000000003,38.769,57.257,12.799000000000001
2021-10-13,89.902,16.528,36.526,39.51,44.341,11.277000000000001
2021-10-14,77.809,14.852,38.263999999999996,28.438000000000002,38.431,10.190999999999999
2021-10-15,146.297,23.991,65.659,84.89,54.93300000000001,10.811
2021-10-16,273.582,36.28,54.821,73.514,93.373,14.772
2021-10-17,163.589,26.795,56.019999999999996,65.816,64.30799999999999,13.639
2021-10-18,84.784,20.606,44.513,30.066000000000003,40.29,10.502
2021-10-19,78.684,16.958,42.738,32.2,40.052,8.766
2021-10-20,109.339,25.154,41.248,41.873,43.480000000000004,8.978
2021-10-21,79.858,11.947,46.91,38.753,29.336,11.262
2021-10-22,75.936,16.412,45.315,40.039,30.077999999999996,5.062
2021-10-23,100.678,18.086,61.274,87.828,51.363,9.346
2021-10-24,101.014,9.108,47.917,55.632000000000005,41.481,11.389000000000001
2021-10-25,48.556,8.749,33.696,46.731,27.46,7.279
2021-10-26,66.948,12.041,37.215999999999994,48.637,35.664,8.68
2021-10-27,94.727,15.305,36.161,35.369,32.692,6.836
2021-10-28,80.941,6.449,37.949,31.659,25.502,3.122
2021-10-29,89.73,13.574,40.045,47.926,25.203,11.123999999999999
2021-10-30,140.981,17.279,59.756,79.731,26.181,12.133
2021-10-31,92.342,28.424,55.961,75.305,35.237,8.639
2021-11-01,60.969,26.24,44.316,40.999,23.438999999999997,10.293000000000001
2021-11-02,68.05499999999999,25.844,39.893,49.667,25.556,13.551
2021-11-03,50.572,27.868,39.941,82.957,25.358999999999998,5.176
2021-11-04,64.051,23.879,42.366,61.122,24.241,12.227
2021-11-05,83.867,37.479,58.696,104.608,37.123000000000005,6.524
2021-11-06,108.548,28.063,63.927,128.993,35.493,9.658000000000001
2021-11-07,145.887,35.638,64.62200000000001,155.029,46.669,14.185
2021-11-08,66.376,28.296,58.811,58.55799999999999,24.775000000000002,10.661999999999999
2021-11-09,44.867,27.933,43.617000000000004,52.288000000000004,23.625999999999998,3.419
2021-11-10,49.063,27.656,49.851,48.096000000000004,28.642,3.044
2021-11-11,48.787,13.156,35.903,47.256,22.692,3.602
2021-11-12,51.422,18.935,50.696,55.135999999999996,25.182000000000002,10.337
2021-11-13,70.452,20.049,55.708,57.321,28.791999999999998,10.383
2021-11-14,99.456,30.582,53.547,71.072,39.412,14.612
2021-11-15,42.62,12.677,28.879,36.29,29.577,7.193999999999999
2021-11-16,53.515,12.525,19.63,36.117999999999995,27.575,2.834
2021-11-17,45.689,15.791,34.26,44.036,23.355,7.203
2021-11-18,41.864000000000004,6.018,21.426,35.182,16.566,3.246
2021-11-19,38.008,8.768,28.706,35.174,19.490000000000002,6.776
2021-11-20,95.757,14.406,55.583999999999996,73.711,34.164,9.051
2021-11-21,80.775,19.739,47.590999999999994,102.367,30.26,17.990000000000002
2021-11-22,42.247,9.756,32.75,24.416,22.036,9.175
2021-11-23,55.622,9.495,31.403,24.705,18.004,5.163
2021-11-24,39.991,12.559,33.315,22.259,21.68,9.217
2021-11-25,44.906,10.217,30.299,17.266,20.413,5.166
2021-11-26,51.836,17.511,41.233999999999995,23.644,14.854999999999999,6.0600000000000005
2021-11-27,68.057,23.115,58.68,44.646,37.591,11.622000000000002
2021-11-28,78.347,21.817,49.546,56.96,25.149,9.693999999999999
2021-11-29,57.865,9.182,29.919999999999998,20.934,19.811999999999998,5.796
2021-11-30,43.009,25.737,30.369,30.467,32.472,7.103
2021-12-01,74.607,18.93,30.015,24.864,24.119,5.252
2021-12-02,58.359,18.262999999999998,25.404,20.085,22.703,4.474
2021-12-03,73.84700000000001,20.739,18.925,54.498,25.931000000000004,5.683
2021-12-04,93.905,22.865000000000002,62.259,92.695,36.36,9.205
2021-12-05,115.184,25.795,50.994,100.244,37.123,10.65
2021-12-06,64.231,14.424,12.844,45.510999999999996,37.461,8.862
2021-12-07,63.263,16.639,31.831,36.621,29.637999999999998,6.648000000000001
2021-12-08,70.377,15.059000000000001,25.319000000000003,48.245999999999995,24.709999999999997,7.96
2021-12-09,57.675000000000004,12.175,25.262,42.728,24.153,7.254
2021-12-10,68.296,14.231,32.792,55.263,26.56,8.928
2021-12-11,141.287,30.45,124.24000000000001,121.63499999999999,43.575,10.713999999999999
2021-12-12,116.349,15.656,61.198,80.30199999999999,43.444,10.425999999999998
2021-12-13,61.915,27.924999999999997,21.832,92.884,33.333000000000006,1.537
2021-12-14,66.116,13.141,33.175000000000004,103.51599999999999,30.287000000000003,5.472
2021-12-15,101.666,18.179,2.6020000000000003,64.376,29.243000000000002,6.299
2021-12-16,99.125,25.768,39.568999999999996,51.855999999999995,33.831999999999994,4.506
2021-12-17,97.582,34.299,40.153999999999996,69.729,34.227999999999994,10.173
2021-12-18,109.389,42.242,70.551,114.017,59.298,11.996
2021-12-19,147.891,51.133,67.19,118.836,52.98,9.451
2021-12-20,82.832,25.78,38.283,60.872,50.948,6.115
2021-12-21,71.006,18.202,48.369,54.261,31.633,6.431
2021-12-22,75.729,14.458,31.469,50.263000000000005,22.570000000000004,4.455
2021-12-23,91.213,24.073,30.021,47.43,33.503,6.563
2021-12-24,120.944,30.134999999999998,35.441,63.471999999999994,52.243,8.624
2021-12-25,180.787,33.162,66.839,137.522,65.339,13.596
2021-12-26,209.712,28.498,95.584,92.322,64.634,9.123000000000001
2021-12-27,82.705,15.213,42.155,39.641999999999996,37.586,5.35
2021-12-28,86.04299999999999,24.145,35.054,39.004,42.784,5.317
2021-12-29,68.16499999999999,24.749,34.882000000000005,28.395,35.3,3.0269999999999997
2021-12-30,84.271,17.651,37.37,31.745,35.101,11.272
2021-12-31,125.70100000000001,69.793,60.713,88.954,66.714,12.997
2022-01-01,138.402,38.272,82.658,90.656,57.833,18.427999999999997
2022-01-02,110.54299999999999,26.605,27.438000000000002,59.918,45.828,13.349
2022-01-03,90.081,38.027,59.009,59.045,81.754,12.782
2022-01-04,70.388,45.257,46.598,63.48,58.207,8.174
2022-01-05,65.654,39.688,34.15,40.437,66.638,9.827
2022-01-06,60.316,35.897,34.198,44.278,66.856,7.001
2022-01-07,90.664,31.834,46.045,78.764,49.32,16.284
2022-01-08,130.766,43.284,60.006,112.41199999999999,80.046,14.224
2022-01-09,147.52800000000002,114.262,59.741,84.804,81.556,11.879
2022-01-10,76.365,35.175,56.153,46.232,57.480999999999995,8.581999999999999
2022-01-11,86.15,54.466,29.824,33.489,81.87,10.573
2022-01-12,85.232,35.007,41.626000000000005,46.619,74.888,10.637
2022-01-13,73.369,21.816,22.185000000000002,48.916,63.208999999999996,12.889
2022-01-14,103.099,23.405,48.285000000000004,53.083,78.342,6.196
2022-01-15,124.109,37.538,56.825,49.827,96.244,9.146
2022-01-16,137.15,58.007,52.794,55.987,88.336,14.67
2022-01-17,90.383,11.754999999999999,42.312,29.229,47.324,10.665
2022-01-18,85.852,9.211,32.418,38.751999999999995,56.238,8.478000000000002
2022-01-19,129.677,16.223,50.388999999999996,72.068,55.99,4.2059999999999995
2022-01-20,134.88,32.318,55.56,78.146,68.17,22.912
2022-01-21,146.062,32.031,58.294,77.10300000000001,81.348,23.798
2022-01-22,210.297,64.541,64.682,97.639,103.68,22.592000000000002
2022-01-23,186.693,74.249,68.285,89.483,124.431,25.009
2022-01-24,187.463,22.147,38.076,68.443,117.056,25.579
2022-01-25,153.198,48.877,70.849,83.043,85.379,26.834
2022-01-26,172.651,32.217,64.858,87.094,93.362,31.875
2022-01-27,170.614,58.027,95.025,66.621,157.221,21.963
2022-01-28,188.131,85.253,197.934,144.04,222.648,54.803000000000004
2022-01-29,208.256,90.907,200.905,195.987,356.647,86.261
2022-01-30,229.022,102.12800000000001,234.678,153.261,403.185,88.02799999999999
2022-01-31,,,,,,
2022-02-01,63.003,13.968,38.25,46.534,52.92,18.86
2022-02-02,88.41199999999999,38.729,37.868,104.52199999999999,89.27,29.266000000000002
2022-02-03,116.536,26.229,7.01,46.152,125.952,51.214999999999996
2022-02-04,216.497,48.036,55.923,62.232,168.229,49.812
2022-02-05,208.189,45.665,2.203,94.217,79.349,43.637
2022-02-06,219.985,52.784,66.88,90.519,127.90299999999999,38.299
2022-02-07,160.054,43.144,41.735,89.43,105.783,25.718
2022-02-08,162.297,44.616,29.778,48.124,83.106,28.360999999999997
2022-02-09,138.288,25.255,30.194,54.397999999999996,81.859,17.826999999999998
2022-02-10,116.133,23.057,29.540000000000003,45.478,95.39,18.122
2022-02-11,132.508,24.982,38.286,44.35,80.496,16.355999999999998
2022-02-12,154.467,35.481,58.417,44.628,63.244,19.233
2022-02-13,165.85,37.882,38.757,62.028,53.381,18.593
2022-02-14,150.014,35.754,24.829,43.618,56.165,22.165
2022-02-15,154.453,30.547,50.086999999999996,54.996,65.561,13.33
2022-02-16,99.015,21.875,25.240000000000002,19.235,50.306000000000004,8.002
2022-02-17,112.077,20.645,38.54,28.335,66.319,16.258000000000003
2022-02-18,98.783,24.401,34.695,44.249,77.479,13.181000000000001
2022-02-19,120.64,49.665,38.763,49.453,84.40899999999999,19.604000000000003
2022-02-20,105.91799999999999,36.386,35.58,29.076,80.204,19.499
2022-02-21,85.387,28.045,26.034,11.197,54.127,12.818999999999999
2022-02-22,78.356,21.47,25.201,14.498999999999999,83.428,14.992999999999999
2022-02-23,65.21,28.796,17.076,16.979,46.044,10.987
2022-02-24,75.146,34.624,19.778,27.097,60.707,11.295
2022-02-25,96.432,25.668,43.644,33.498,66.539,15.162
2022-02-26,118.507,29.244,40.831,44.56,96.277,22.413
2022-02-27,94.607,34.072,33.609,30.748,90.842,17.194000000000003
2022-02-28,77.285,22.582,29.583,11.887,66.122,14.358
2022-03-01,75.286,22.944,5.051,18.112000000000002,60.582,13.075
2022-03-02,70.109,18.905,23.171,17.916,69.755,8.61
2022-03-03,62.041,21.88,27.705000000000002,15.525,54.074999999999996,14.024999999999999
2022-03-04,78.622,20.119,21.276,28.908,72.59,9.297
2022-03-05,125.495,29.269,44.23,33.725,103.358,14.836
2022-03-06,141.174,31.384,47.119,39.323,81.904,19.160999999999998
2022-03-07,76.68599999999999,0.632,24.482,12.626,52.889,11.448
2022-03-08,82.174,14.951,6.754,14.096,71.127,9.594000000000001
2022-03-09,66.059,15.084,17.2,21.91,62.036,8.401
2022-03-10,73.508,16.971,16.626,14.375,57.407,10.189
2022-03-11,88.822,19.221,29.63,11.525,53.281,15.262
2022-03-12,129.766,27.529,37.329,23.441000000000003,95.029,24.795
2022-03-13,101.51,30.393,28.204,25.826999999999998,77.903,19.47
2022-03-14,98.279,9.127,15.345,13.799,96.701,12.678
2022-03-15,102.32900000000001,7.721,15.026,17.419999999999998,80.283,12.815999999999999
2022-03-16,105.619,11.877,16.886,17.088,72.95700000000001,12.564
2022-03-17,108.39399999999999,12.813,30.851,22.721,84.519,15.834
2022-03-18,112.098,14.473,28.674,29.951999999999998,94.461,16.346
2022-03-19,201.276,24.298000000000002,45.815,49.829,130.315,26.011
2022-03-20,173.788,16.749,43.592000000000006,43.0,105.56599999999999,21.443
2022-03-21,192.734,13.613,25.391,28.073999999999998,72.925,25.338
2022-03-22,133.244,16.239,27.306,31.656,87.671,21.947000000000003
2022-03-23,89.497,7.625,15.255,28.279,82.278,17.569000000000003
2022-03-24,106.202,7.711,16.899,18.106,48.68,16.036
2022-03-25,132.493,14.528,43.221,43.386,74.387,17.128
2022-03-26,152.529,16.707,43.227,43.183,94.554,23.286
2022-03-27,140.651,11.68,41.214,24.078,89.283,26.977
2022-03-28,85.85,2.089,19.777,21.238,64.16,15.998
2022-03-29,75.286,0.0,18.541,26.983,65.004,13.184000000000001
2022-03-30,86.195,30.3,27.389000000000003,22.45,69.721,17.223
2022-03-31,92.587,25.097,30.993000000000002,26.203,54.92,10.145
2022-04-01,130.262,26.303,25.437,19.915,80.48,16.697000000000003
2022-04-02,133.168,26.163,34.452,30.03,71.349,18.016000000000002
2022-04-03,111.538,16.438,42.998000000000005,46.766,96.131,23.887
2022-04-04,148.726,22.224,31.759,40.745000000000005,107.732,23.387
2022-04-05,146.419,21.248,21.71,31.476,38.664,15.356
2022-04-06,109.945,17.497,5.8549999999999995,20.492,38.127,11.695
2022-04-07,85.20100000000001,10.494,6.533,14.881,28.799,14.479
2022-04-08,87.65,10.629,6.3660000000000005,18.886,36.973,12.371
2022-04-09,141.102,15.591,11.218,35.619,133.106,27.258
2022-04-10,185.591,7.757000000000001,18.378999999999998,30.945999999999998,113.881,24.485
2022-04-11,93.428,6.383,1.03,11.87,69.30499999999999,10.687000000000001
2022-04-12,106.268,6.375,7.538,16.859,76.22,20.041
2022-04-13,100.363,9.797,4.61,31.963,76.95,20.903
2022-04-14,128.586,6.047,6.495,21.589,59.010999999999996,21.356
2022-04-15,131.828,10.73,14.180000000000001,39.135999999999996,69.72,17.358
2022-04-16,124.808,12.666,15.042,28.104,84.376,32.118
2022-04-17,107.549,20.254,9.701,40.244,85.746,32.008
2022-04-18,112.679,12.087,3.024,28.667,62.95,23.28
2022-04-19,101.391,7.869,5.106,23.736,53.306,16.985
2022-04-20,105.275,11.413,2.7720000000000002,33.394,51.324000000000005,18.031
2022-04-21,112.794,8.548000000000002,3.552,27.479,59.830999999999996,11.668000000000001
2022-04-22,114.043,18.726,7.417,26.309,69.833,20.471
2022-04-23,118.653,19.648,9.767,27.473,86.55,25.194
2022-04-24,99.189,15.603,4.52,32.921,63.739000000000004,13.678999999999998
2022-04-25,116.365,16.833,4.202,28.121000000000002,95.828,20.592
2022-04-26,91.764,9.969000000000001,4.904999999999999,13.139,61.327999999999996,14.113
2022-04-27,88.807,9.138,2.398,27.102,64.366,24.953
2022-04-28,111.59400000000001,11.202,2.1390000000000002,16.357,80.389,21.918
2022-04-29,106.05199999999999,21.479,7.15,24.064,96.804,29.707
2022-04-30,142.03900000000002,28.319,9.22,34.150999999999996,81.21,35.229
2022-05-01,147.275,23.295,10.863,33.083,65.84100000000001,36.606
2022-05-02,115.468,13.734,8.503,42.191,57.464,47.126999999999995
2022-05-03,88.193,27.601,2.8680000000000003,18.375,67.711,42.378
2022-05-04,105.769,26.182,6.398,27.070999999999998,51.194,44.495000000000005
2022-05-05,90.652,18.79,1.193,16.992,32.252,26.05
2022-05-06,95.683,20.488,3.42,19.454,56.612,32.15
2022-05-07,113.896,23.375,4.66,34.837,86.212,34.564
2022-05-08,116.51899999999999,42.607,4.476,35.067,86.554,33.433
2022-05-09,91.68,29.087,3.538,34.581,55.772999999999996,34.866
2022-05-10,95.42,22.638,5.181,9.417,59.294000000000004,13.224
2022-05-11,86.213,19.261,2.043,20.87,42.635,15.419
2022-05-12,79.619,24.59,5.134,21.925,37.193000000000005,22.173
2022-05-13,102.98,21.993,2.792,26.1,58.386,45.528
2022-05-14,159.404,48.521,11.341000000000001,26.77,79.242,51.014
2022-05-15,157.108,43.781,6.072000000000001,34.51,63.751000000000005,43.626999999999995
2022-05-16,82.78,23.633,4.637,18.527,41.681,19.412
2022-05-17,67.12,15.163,1.853,12.789,41.52,23.194000000000003
2022-05-18,92.724,20.24,0.9259999999999999,20.598,40.714,21.794
2022-05-19,92.356,17.603,3.425,13.195,31.665999999999997,21.799
2022-05-20,90.647,13.908,3.575,14.719000000000001,37.853,22.675
2022-05-21,154.655,26.494,4.691,43.484,45.846999999999994,43.426
2022-05-22,164.686,23.847,4.885,23.398,40.928,29.841
2022-05-23,92.654,15.361,4.436999999999999,4.6370000000000005,35.072,26.0
2022-05-24,122.403,27.64,3.3609999999999998,14.041,32.071999999999996,29.284999999999997
2022-05-25,84.787,19.562,4.619,18.698,31.823,22.563
2022-05-26,88.361,25.011,4.438,21.185,39.188,29.903000000000002
2022-05-27,86.554,18.568,8.858,19.308,31.927,27.341
2022-05-28,188.829,35.114,8.906,46.827,55.568,54.447
2022-05-29,178.516,42.403,7.4399999999999995,33.516999999999996,62.521,55.666000000000004
2022-05-30,92.512,24.336,6.684,16.585,31.081,25.618
2022-05-31,87.827,15.854,6.611000000000001,39.474000000000004,38.356,18.11
2022-06-01,90.488,22.234,5.084,35.603,43.718,21.105
2022-06-02,112.624,20.605,11.329999999999998,36.405,47.188,34.716
2022-06-03,185.595,29.489,14.235,61.149,69.903,59.95
2022-06-04,113.331,13.898,5.135,27.698,38.876000000000005,39.752
2022-06-05,102.505,21.97,10.109,41.369,41.001,42.328
2022-06-06,104.547,23.309,5.253,26.543,40.803,37.312
2022-06-07,105.767,20.909,6.312,28.139,38.975,23.212
2022-06-08,113.86200000000001,17.046,6.725,28.048000000000002,40.959,27.37
2022-06-09,281.247,21.532,5.241,27.768,41.650999999999996,35.271
2022-06-10,115.09299999999999,13.058,9.447000000000001,27.152,37.531,38.775999999999996
2022-06-11,195.647,34.691,9.209,36.533,61.053999999999995,48.32
2022-06-12,166.51500000000001,29.698,10.588000000000001,49.293,67.529,49.505
2022-06-13,116.051,23.638,3.944,35.013999999999996,29.923,33.306
2022-06-14,110.67099999999999,23.587,14.604000000000001,16.266,29.213,29.762
2022-06-15,106.544,18.931,5.184,26.243000000000002,39.656,33.775999999999996
2022-06-16,109.346,18.079,5.347,32.228,50.132,35.463
2022-06-17,119.07300000000001,27.301,6.77,36.568,47.1,36.326
2022-06-18,192.524,29.834,18.484,50.206,80.225,48.073
2022-06-19,187.62300000000002,31.956,15.541,49.153,79.31099999999999,40.858
2022-06-20,123.54,26.02,8.896,35.656,46.065,27.415999999999997
2022-06-21,110.973,22.014,6.063,29.804,32.467,27.152
2022-06-22,108.759,23.449,13.806000000000001,28.097,35.161,22.451
2022-06-23,84.617,14.583,5.401999999999999,29.488,29.211000000000002,17.152
2022-06-24,104.325,17.64,25.878,29.265,33.789,22.836
2022-06-25,156.216,22.426,40.332,48.569,39.414,28.57
2022-06-26,163.919,36.32,31.364,54.309,43.418,33.783
2022-06-27,105.20700000000001,21.772000000000002,12.658999999999999,26.887,28.077,21.427
2022-06-28,133.899,23.307,19.500999999999998,39.702,28.268,13.137
2022-06-29,156.09,40.424,16.118000000000002,39.934,21.954,26.758
2022-06-30,127.274,47.528,10.625,38.626999999999995,29.259,21.969
2022-07-01,149.719,28.897,15.086,50.953,25.326,17.165
2022-07-02,195.29500000000002,55.851,28.667,45.704,55.999,27.475
2022-07-03,189.083,48.366,63.873,42.18,58.67,42.368
2022-07-04,116.605,27.955000000000002,20.219,36.688,47.642,17.802
2022-07-05,133.21,42.64,34.507999999999996,50.367000000000004,49.727999999999994,17.524
2022-07-06,164.461,31.186,39.018,32.226,51.119,9.038
2022-07-07,134.04399999999998,50.962,43.066,29.189,39.874,14.602
2022-07-08,129.05,48.355999999999995,32.713,49.425,42.7,7.971
2022-07-09,173.971,44.535000000000004,44.591,55.629,73.124,26.107
2022-07-10,186.916,67.457,35.703,80.418,85.669,21.797
2022-07-11,133.768,24.264000000000003,43.103,55.108000000000004,57.659,30.141
2022-07-12,129.271,64.57900000000001,29.78,27.869,49.014,19.218
2022-07-13,150.034,46.435,31.994999999999997,63.603,57.841,12.754999999999999
2022-07-14,131.965,34.033,12.376,44.709,52.446,14.374
2022-07-15,118.425,30.18,43.241,66.136,60.497,11.364
2022-07-16,175.925,59.714,107.272,89.471,73.235,18.431
2022-07-17,190.249,53.705,131.3,73.67099999999999,63.421,21.933999999999997
2022-07-18,132.053,43.19,57.442,52.193,50.507,11.582
2022-07-19,134.777,33.363,90.19,44.352000000000004,49.966,20.509
2022-07-20,161.158,43.777,89.35499999999999,37.088,88.656,17.192
2022-07-21,140.656,38.147,75.92,43.486,130.268,18.296
2022-07-22,119.449,33.655,44.43,60.678,91.719,16.448999999999998
2022-07-23,163.238,45.47,67.395,101.743,128.405,20.601
2022-07-24,187.595,45.96,112.091,67.64,55.957,10.549
2022-07-25,128.305,79.565,90.633,66.315,66.762,17.972
2022-07-26,161.702,74.221,68.863,59.465,98.29,18.262
2022-07-27,131.633,67.503,71.087,58.869,108.891,14.402000000000001
2022-07-28,170.77100000000002,60.76,70.756,69.521,116.81,22.580000000000002
2022-07-29,331.236,64.225,66.925,52.634,120.741,15.616
2022-07-30,344.157,61.873,71.29299999999999,86.456,141.664,13.837
2022-07-31,320.998,49.207,131.59099999999998,98.219,142.906,19.875
2022-08-01,304.399,82.282,91.81299999999999,36.451,154.113,29.243000000000002
2022-08-02,270.798,80.493,28.385,57.275999999999996,122.28399999999999,14.100999999999999
2022-08-03,337.105,68.436,95.589,76.332,159.987,15.585
2022-08-04,354.404,65.154,64.17099999999999,81.526,152.644,17.149
2022-08-05,329.423,72.799,43.931000000000004,66.543,169.692,13.431999999999999
2022-08-06,355.128,96.079,106.723,91.924,183.489,15.462
2022-08-07,319.04200000000003,86.982,89.746,105.113,211.184,26.316000000000003
2022-08-08,302.077,76.689,86.53099999999999,87.26599999999999,138.495,18.528
2022-08-09,322.432,75.303,54.281000000000006,77.1,161.631,17.542
2022-08-10,291.018,70.98599999999999,89.973,39.034,168.921,17.255
2022-08-11,313.919,73.029,70.377,68.939,159.507,13.387
2022-08-12,326.821,74.91,79.938,60.39,166.473,15.139
2022-08-13,479.995,102.596,139.761,72.19,223.38400000000001,28.497999999999998
2022-08-14,394.71500000000003,120.907,97.04400000000001,87.77,188.234,32.987
2022-08-15,347.367,85.398,102.925,67.468,120.999,24.222
2022-08-16,368.861,81.22,69.881,71.408,183.738,18.14
2022-08-17,358.863,87.672,104.095,66.376,146.131,20.658
2022-08-18,424.262,121.725,81.503,84.219,223.117,26.979
2022-08-19,401.426,186.155,144.451,91.655,334.781,89.61600000000001
2022-08-20,429.043,123.124,95.69800000000001,70.643,209.291,18.641000000000002
2022-08-21,432.675,82.19800000000001,87.971,72.191,219.055,19.233
2022-08-22,303.2,45.20399999999999,66.488,47.201,104.65299999999999,14.33
2022-08-23,259.56,43.039,86.205,48.094,111.097,13.572
2022-08-24,233.767,46.96,57.232,59.056,73.184,14.23
2022-08-25,243.786,63.776,51.218999999999994,42.528,110.13,12.514000000000001
2022-08-26,250.941,48.086,48.72,73.827,129.03,11.488
2022-08-27,357.705,57.998000000000005,104.458,68.656,154.266,19.554000000000002
2022-08-28,252.244,88.504,102.839,71.953,251.609,25.88
2022-08-29,297.05,45.738,59.775,74.182,116.07600000000001,13.378
2022-08-30,236.727,66.738,93.293,33.987,114.188,7.933999999999999
2022-08-31,242.409,35.261,28.994,30.29,61.621,3.3040000000000003
2022-09-01,311.034,47.503,56.77,58.419,100.922,11.463999999999999
2022-09-02,328.216,42.416,53.186,61.119,103.825,4.884
2022-09-03,419.813,53.626000000000005,88.589,77.887,176.62800000000001,15.738
2022-09-04,491.166,62.544,124.55,87.775,185.40200000000002,18.362000000000002
2022-09-05,285.889,53.158,60.192,47.452,117.607,10.812
2022-09-06,250.203,39.138999999999996,54.584,40.620000000000005,93.76899999999999,11.684000000000001
2022-09-07,260.624,40.007000000000005,59.667,44.356,69.663,12.388
2022-09-08,222.246,42.893,46.658,62.072,91.68599999999999,7.917999999999999
2022-09-09,311.923,67.57,111.848,106.775,180.34,4.65
2022-09-10,419.26300000000003,72.293,155.46699999999998,114.94200000000001,146.777,0.491
2022-09-11,351.176,63.233999999999995,97.363,92.533,83.984,6.927
2022-09-12,315.002,71.588,38.383,98.587,145.6,0.0
2022-09-13,216.669,47.126,25.627,68.334,104.849,0.0
2022-09-14,185.157,41.840999999999994,27.935000000000002,53.107,70.053,0.0
2022-09-15,201.569,27.430999999999997,29.546,56.663,66.529,0.0
2022-09-16,193.806,41.283,26.976999999999997,74.425,107.825,0.0
2022-09-17,359.256,69.613,50.024,90.05,168.436,0.0
2022-09-18,377.496,57.715999999999994,58.668,80.37299999999999,177.806,0.0
2022-09-19,212.507,38.815,9.274000000000001,30.316,45.683,0.0
2022-09-20,262.543,42.297,14.946000000000002,47.235,67.862,0.0
2022-09-21,213.475,32.068,18.429000000000002,46.791,86.458,0.0
2022-09-22,226.528,50.388000000000005,20.182000000000002,50.943,73.801,0.0
2022-09-23,243.19,65.003,30.662,87.179,87.3,0.0
2022-09-24,345.852,75.743,49.291,101.607,193.743,0.0
2022-09-25,320.644,55.324,14.038,118.404,132.468,0.0
2022-09-26,196.445,30.759999999999998,34.863,58.141999999999996,59.178,0.0
2022-09-27,158.187,29.389,35.665,37.498999999999995,63.594,0.0
2022-09-28,142.124,32.625,62.641000000000005,53.384,77.96000000000001,0.0
2022-09-29,175.757,31.877,43.663,44.333,84.368,0.0
2022-09-30,200.098,53.33,70.235,53.894999999999996,107.477,0.0
2022-10-01,318.485,76.799,102.731,122.00999999999999,169.374,0.0
2022-10-02,253.861,61.869,81.611,91.22999999999999,178.918,0.0
2022-10-03,253.67,59.161,93.09,82.006,117.32300000000001,0.0
2022-10-04,328.918,49.869,104.98400000000001,117.054,115.099,0.0
2022-10-05,373.666,40.769,118.42099999999999,87.935,162.721,0.0
2022-10-06,353.217,71.588,132.357,184.89,208.677,0.0
2022-10-07,470.332,87.818,110.30199999999999,154.165,170.183,0.0
2022-10-08,360.779,37.814,81.908,108.094,114.62899999999999,0.0
2022-10-09,342.075,53.058,66.479,121.547,110.966,0.0
2022-10-10,288.07,47.046,46.834,103.327,134.737,0.0
2022-10-11,244.75900000000001,29.660000000000004,51.596000000000004,89.443,119.426,0.0
2022-10-12,240.312,29.309,39.206,82.773,123.317,0.0
2022-10-13,152.506,30.605,61.838,70.04599999999999,84.845,0.0
2022-10-14,135.637,11.594999999999999,13.046,65.57900000000001,49.262,0.0
2022-10-15,377.25600000000003,60.965,101.798,223.125,204.274,12.033
2022-10-16,367.681,62.739999999999995,86.333,209.72,178.909,2.55
2022-10-17,247.30200000000002,35.260999999999996,38.615,104.537,111.662,5.7620000000000005
2022-10-18,273.91,56.15899999999999,41.022,156.31,155.233,7.186999999999999
2022-10-19,225.807,33.063,38.515,105.856,96.132,13.004
2022-10-20,242.853,30.363,52.368,88.041,105.947,4.7010000000000005
2022-10-21,613.973,95.213,98.057,289.383,399.685,38.486000000000004
2022-10-22,299.448,56.495999999999995,77.747,157.648,155.908,7.952
2022-10-23,242.892,38.944,61.265,152.18099999999998,138.434,14.581
2022-10-24,199.326,30.369,37.236,85.05,73.345,3.223
2022-10-25,217.397,36.506,36.981,89.459,125.16000000000001,4.156
2022-10-26,226.63299999999998,38.152,35.475,104.795,117.386,4.56
2022-10-27,209.0,31.661,35.991,116.582,114.668,2.299
2022-10-28,229.524,40.855000000000004,63.12,164.567,136.101,11.885
2022-10-29,368.13100000000003,64.488,98.462,248.053,167.48499999999999,11.396
2022-10-30,221.196,76.791,67.588,197.429,203.145,10.805
2022-10-31,85.398,47.777,32.213,61.844,83.714,3.319
2022-11-01,96.786,39.603,29.485,96.65899999999999,101.963,3.305
2022-11-02,,,,,,
2022-11-03,83.973,63.801,13.926,120.85499999999999,129.249,4.0120000000000005
2022-11-04,,,,,,
2022-11-05,190.42100000000002,73.537,74.21600000000001,176.84300000000002,158.362,9.815999999999999
2022-11-06,162.064,75.888,60.306000000000004,165.482,135.245,4.647
2022-11-07,102.67699999999999,47.225,22.799,86.0,108.169,3.256
2022-11-08,96.37100000000001,41.117000000000004,31.054000000000002,82.087,77.122,3.86
2022-11-09,128.56,35.22,21.313000000000002,68.901,75.307,2.871
2022-11-10,122.883,39.756,17.046,74.627,88.303,6.897
2022-11-11,173.21,45.043000000000006,40.363,163.552,130.22899999999998,7.801
2022-11-12,293.677,56.455,73.358,257.06600000000003,204.119,10.572
2022-11-13,312.032,50.639,54.61600000000001,206.762,188.274,7.366
2022-11-14,180.626,38.303,27.892999999999997,99.074,104.647,5.605
2022-11-15,165.843,38.944,31.82,102.92,93.884,7.266
2022-11-16,205.406,18.714,17.224,92.695,105.807,2.568
2022-11-17,232.975,38.752,40.679,90.18,104.356,8.038
2022-11-18,376.605,68.424,59.900999999999996,153.087,212.654,17.923
2022-11-19,1265.473,122.87899999999999,183.307,440.93,436.061,35.948
2022-11-20,146.034,97.969,67.057,156.828,198.915,0.252
2022-11-21,821.168,132.212,264.657,343.02,352.42199999999997,55.692
2022-11-22,173.192,36.972,30.541,36.489000000000004,82.21900000000001,4.816
2022-11-23,247.572,31.839999999999996,50.24,68.562,98.441,8.243
2022-11-24,260.618,31.131,29.738,43.262,105.612,8.455
2022-11-25,228.796,46.435,62.003,32.969,103.304,16.927
2022-11-26,352.51099999999997,47.408,37.043,57.284,89.276,9.863999999999999
2022-11-27,40.471,3.192,3.165,8.596,17.031,4.146
2022-11-28,40.862,10.707999999999998,1.8090000000000002,3.012,13.451,1.04
2022-11-29,31.298000000000002,7.6240000000000006,9.193999999999999,8.283,6.066,1.778
2022-11-30,,,,,,
2022-12-01,,,,,,
2022-12-02,,,,,,
2022-12-03,,,,,,
2022-12-04,99.399,24.721999999999998,18.158,30.0,53.404,1.168
2022-12-05,170.093,30.282,41.811,114.0,118.657,0.0
2022-12-06,226.171,38.551,67.863,98.62,97.96300000000001,7.977
2022-12-07,272.787,25.636,64.33099999999999,124.352,82.55,11.597
2022-12-08,173.924,46.357,47.48,82.678,131.273,4.524
2022-12-09,140.88,41.33,30.039,71.48400000000001,99.447,4.422
2022-12-10,231.009,55.053,73.28,149.336,161.982,6.572
2022-12-11,204.481,62.536,63.385,144.333,171.695,3.6290000000000004
2022-12-12,173.035,27.823,30.168,85.72200000000001,96.205,3.379
2022-12-13,185.802,37.876000000000005,50.434000000000005,91.195,103.872,5.316
2022-12-14,226.11499999999998,40.701,29.923,102.181,96.19800000000001,6.973
2022-12-15,291.759,44.891000000000005,60.995999999999995,94.03399999999999,151.972,8.607
2022-12-16,306.951,28.131,59.198,146.341,147.869,6.839
2022-12-17,265.09,43.945,97.791,142.647,153.757,16.786
2022-12-18,295.364,68.962,65.117,131.36,123.46900000000001,12.025
2022-12-19,201.178,47.456,67.122,86.269,98.288,11.56
2022-12-20,252.22400000000002,45.501000000000005,53.792,103.84700000000001,88.82000000000001,6.731
2022-12-21,285.265,76.358,61.727000000000004,128.851,137.998,17.740000000000002
2022-12-22,223.75,33.67100000000001,45.018,99.983,93.949,8.883000000000001
2022-12-23,210.784,29.486,54.487,92.544,91.649,8.921
2022-12-24,285.085,47.278999999999996,61.874,139.067,117.56400000000001,11.582
2022-12-25,362.94,51.941,105.129,160.777,166.418,5.742
2022-12-26,253.07500000000002,27.857,56.004,115.93299999999999,114.691,12.022
2022-12-27,253.518,39.591,72.51400000000001,102.06,121.716,6.541
2022-12-28,257.429,36.052,60.286,119.913,99.953,8.167
2022-12-29,237.735,25.895000000000003,66.287,123.439,129.853,3.656
2022-12-30,244.088,29.769,62.525,131.88299999999998,118.87700000000001,6.173
2022-12-31,329.509,39.573,103.271,178.02100000000002,198.248,5.574000000000001
2023-01-01,329.635,39.379999999999995,92.503,159.047,174.42600000000002,7.926
2023-01-02,287.812,36.172,54.334,132.934,154.451,17.834
2023-01-03,215.984,30.654,50.818,86.599,128.13400000000001,3.617
2023-01-04,171.91,27.843,48.908,88.495,123.447,3.9290000000000003
2023-01-05,186.069,25.709,32.701,101.31700000000001,108.643,5.835
2023-01-06,202.912,27.047,60.705000000000005,115.083,106.774,6.648
2023-01-07,187.324,24.606,53.524,108.037,112.31,11.498999999999999
2023-01-08,219.37199999999999,34.433,56.788000000000004,115.9,124.983,15.154
2023-01-09,185.585,31.341,39.958999999999996,100.363,90.474,11.607
2023-01-10,200.196,15.292,45.848,101.017,119.602,9.913
2023-01-11,185.254,31.198999999999998,44.885,88.976,126.451,9.782
2023-01-12,202.709,27.908,43.65,87.74199999999999,113.15,9.159
2023-01-13,215.635,29.708,31.759,123.264,137.769,15.213000000000001
2023-01-14,447.993,55.134,112.724,204.679,197.217,31.542
2023-01-15,278.968,61.584,92.61,179.046,154.044,21.246
2023-01-16,216.173,46.516,61.379000000000005,144.546,121.081,21.066
2023-01-17,180.232,39.869,86.319,166.406,117.137,22.71
2023-01-18,281.89300000000003,58.399,84.28,212.899,218.267,41.458999999999996
2023-01-19,371.074,104.101,157.124,385.35900000000004,350.275,61.759
2023-01-20,594.071,138.786,252.074,455.94100000000003,604.231,75.97
2023-01-21,,,,,,
2023-01-22,219.378,34.134,39.08,91.90100000000001,91.232,17.629
2023-01-23,291.35200000000003,66.018,46.756,146.538,124.14,31.043
2023-01-24,205.447,89.42099999999999,84.834,48.516999999999996,181.95100000000002,31.05
2023-01-25,245.072,114.337,97.229,165.671,140.698,38.245999999999995
2023-01-26,272.125,60.15,72.92699999999999,204.906,226.705,32.835
2023-01-27,283.135,69.283,88.434,215.811,284.492,31.75
2023-01-28,235.44299999999998,43.626000000000005,63.873,163.237,246.34300000000002,30.24
2023-01-29,229.694,40.248999999999995,48.473,122.262,194.121,15.298
2023-01-30,217.18,42.686,52.382999999999996,113.826,153.832,15.248
2023-01-31,202.836,37.501999999999995,40.683,104.426,157.934,13.52
2023-02-01,156.42,33.307,33.281,92.321,136.909,12.689
2023-02-02,204.688,41.747,32.251999999999995,125.85300000000001,142.663,15.700999999999999
2023-02-03,189.282,53.285,54.970000000000006,125.441,187.654,14.786
2023-02-04,252.725,39.93,85.60499999999999,126.55,232.87099999999998,20.698
2023-02-05,281.351,39.59,83.513,112.777,140.199,15.281
2023-02-06,179.662,34.646,11.684,79.476,91.363,12.377
2023-02-07,154.543,33.83,25.653,63.807,99.937,12.441
2023-02-08,161.297,35.924,40.347,75.372,93.975,8.429
2023-02-09,203.645,30.833,42.757,88.67,138.13,13.362000000000002
2023-02-10,175.847,31.996000000000002,49.257,103.7,125.468,12.793999999999999
2023-02-11,243.90800000000002,53.417,77.149,143.531,164.9,16.919
2023-02-12,309.307,48.809,74.087,109.179,158.806,28.032
2023-02-13,226.189,33.601,30.456000000000003,103.14699999999999,107.056,14.142999999999999
2023-02-14,160.285,37.56,39.561,75.069,108.672,14.301
2023-02-15,184.475,31.354999999999997,41.209,72.525,105.647,6.735
2023-02-16,155.351,34.159,32.783,74.701,105.95,7.394
2023-02-17,160.609,38.594,28.470999999999997,104.876,136.31900000000002,8.283000000000001
2023-02-18,285.815,48.488,65.745,134.317,181.095,21.073999999999998
2023-02-19,230.404,45.805,48.268,105.09700000000001,162.066,17.567
2023-02-20,139.164,29.447000000000003,24.15,65.776,61.627,7.390999999999999
2023-02-21,150.154,29.466,24.144,55.615,101.221,12.593
2023-02-22,138.874,29.54,31.124,74.474,82.293,9.991
2023-02-23,154.467,33.284,22.517,77.906,104.048,11.309999999999999
2023-02-24,134.956,31.169999999999998,35.391,83.785,134.183,11.328
2023-02-25,219.47,44.994,41.824,115.867,170.605,10.979000000000001
2023-02-26,243.01,47.396,34.64,92.628,149.738,14.041
2023-02-27,136.926,13.221,13.331,65.006,88.884,8.846
2023-02-28,115.968,27.118000000000002,21.011000000000003,61.482,96.706,7.007
2023-03-01,139.125,23.979999999999997,15.748000000000001,73.717,105.90599999999999,9.504
2023-03-02,131.001,28.182000000000002,21.735,62.870000000000005,114.103,7.568
2023-03-03,152.142,34.915,29.054000000000002,90.386,128.81799999999998,13.904
2023-03-04,163.918,33.769,34.038000000000004,105.25,142.301,12.627
2023-03-05,178.49099999999999,47.699,31.386000000000003,85.307,132.344,16.193
2023-03-06,107.018,23.166,18.411,54.979,96.60900000000001,10.569
2023-03-07,125.449,31.21,19.542,71.957,100.437,8.469
2023-03-08,119.807,22.18,17.906,65.41,105.092,11.717
2023-03-09,121.336,22.245,22.284,44.888000000000005,105.856,7.751
2023-03-10,131.927,12.423,21.612000000000002,71.43299999999999,150.26,14.024000000000001
2023-03-11,222.762,15.802,38.49,116.774,179.657,20.211
2023-03-12,195.971,19.536,33.314,109.27199999999999,157.361,18.27
2023-03-13,135.094,10.596,18.418,55.527,93.967,12.187999999999999
2023-03-14,140.076,9.076,9.612,46.835,104.067,11.759
2023-03-15,171.809,9.683,17.683,81.886,105.561,8.037
2023-03-16,190.911,31.584,25.921,89.875,102.213,11.892
2023-03-17,238.58,48.607,46.065,136.726,158.456,16.576
2023-03-18,292.075,59.217,53.936,147.687,189.57999999999998,29.936
2023-03-19,251.51,49.399,41.768,126.374,173.558,26.328
2023-03-20,197.663,37.566,22.990000000000002,74.725,119.843,10.568999999999999
2023-03-21,194.386,36.716,12.402000000000001,80.883,116.7,10.702
2023-03-22,170.723,27.368000000000002,17.709,89.191,125.241,12.133000000000001
2023-03-23,179.648,29.488,25.455,70.785,108.067,10.903
2023-03-24,202.72,33.301,22.479,105.586,153.262,18.402
2023-03-25,253.903,28.459,40.775999999999996,113.197,187.221,22.364
2023-03-26,264.043,48.675,30.047,120.223,179.458,20.143
2023-03-27,150.898,20.459000000000003,15.436,74.574,105.211,12.216
2023-03-28,145.975,18.519,14.815999999999999,79.756,92.39399999999999,15.485
2023-03-29,130.475,26.46,23.049,86.112,101.237,8.567
2023-03-30,179.795,26.709,13.154,63.7,86.212,14.654
2023-03-31,208.892,34.604,22.161,104.745,138.204,21.134
2023-04-01,208.377,35.079,26.836,101.324,154.887,23.387999999999998
2023-04-02,185.985,39.361999999999995,27.876,109.447,165.351,20.488
2023-04-03,170.821,16.457,29.721,93.459,114.41,19.201
2023-04-04,170.641,20.022,14.977,90.507,121.55199999999999,20.162
2023-04-05,217.27100000000002,45.417,24.198999999999998,115.412,139.304,22.224999999999998
2023-04-06,136.403,23.05,9.889,73.004,109.473,12.387
2023-04-07,131.267,31.899,16.628999999999998,88.025,97.645,9.745999999999999
2023-04-08,183.926,35.691,20.73,128.85500000000002,137.92,19.815
2023-04-09,197.61599999999999,30.536,31.302999999999997,83.908,136.06300000000002,15.846
2023-04-10,123.411,18.365000000000002,17.868,51.772999999999996,73.788,12.818
2023-04-11,158.881,15.788,7.577,62.405,85.563,13.366
2023-04-12,118.761,17.265,19.088,63.480000000000004,84.989,8.998
2023-04-13,92.251,19.775,15.052000000000001,51.532,76.901,9.198
2023-04-14,131.72899999999998,18.183,26.338,83.023,89.822,19.025
2023-04-15,208.169,20.852,28.541,106.142,138.985,16.674
2023-04-16,204.874,23.472,16.458000000000002,85.949,133.274,20.902
2023-04-17,106.884,14.475000000000001,7.066000000000001,39.144999999999996,68.456,9.19
2023-04-18,182.607,16.779,15.097,66.338,78.486,16.152
2023-04-19,156.553,19.103,12.216000000000001,58.407,76.651,13.945
2023-04-20,122.087,19.807,12.171,55.919,70.384,10.306999999999999
2023-04-21,215.684,26.17,28.933999999999997,89.492,125.533,30.95
2023-04-22,330.85,40.025999999999996,27.103,158.56799999999998,185.589,39.651
2023-04-23,279.352,22.853,10.291,81.715,154.222,21.875999999999998
2023-04-24,189.222,17.855999999999998,13.28,60.294,74.395,25.564999999999998
2023-04-25,163.704,15.89,9.992999999999999,68.882,70.19200000000001,19.3
2023-04-26,148.39,21.236,4.702,45.674,47.263,18.526
2023-04-27,142.945,14.240000000000002,11.674999999999999,62.808,66.69800000000001,18.48
2023-04-28,164.327,22.805999999999997,14.48,81.77799999999999,84.338,22.141000000000002
2023-04-29,169.132,27.577,24.692999999999998,127.524,161.482,37.234
2023-04-30,132.248,25.487000000000002,16.983,97.254,117.501,43.783
2023-05-01,179.89000000000001,29.388999999999996,22.754,83.717,138.857,31.862
2023-05-02,199.05700000000002,22.365,20.191,66.312,103.643,35.967
2023-05-03,252.36599999999999,32.370999999999995,11.586,72.027,95.795,22.717
2023-05-04,121.428,32.652,9.037,55.952,76.542,25.655
2023-05-05,115.37100000000001,28.674999999999997,13.454,63.126,66.977,22.324
2023-05-06,163.827,34.087,17.781,99.697,94.505,23.097
2023-05-07,238.132,54.158,18.818,115.423,134.833,39.966
2023-05-08,142.341,17.863,9.628,58.128,85.98400000000001,21.757
2023-05-09,145.03300000000002,25.810000000000002,7.406,49.033,81.721,17.224
2023-05-10,159.328,26.422,10.336,78.595,99.28999999999999,28.106
2023-05-11,158.484,23.274,9.518,42.217,76.077,13.908
2023-05-12,142.706,21.507,16.347,67.92099999999999,88.881,24.496
2023-05-13,179.071,45.087,20.655,95.606,135.703,33.208
2023-05-14,199.50900000000001,43.641999999999996,15.86,97.67699999999999,110.866,32.974000000000004
2023-05-15,171.35,27.764000000000003,7.475,61.585,78.687,21.584
2023-05-16,194.936,26.009,9.603,57.535,80.294,14.181000000000001
2023-05-17,150.478,19.914,12.893,54.7,67.717,14.296
2023-05-18,112.688,22.684,8.812,49.756,53.892,11.595
2023-05-19,141.327,20.153,9.66,60.947,71.713,15.232
2023-05-20,177.822,27.242,11.094,82.754,92.262,33.825
2023-05-21,197.446,29.13,13.615,94.76,117.485,38.276
2023-05-22,154.18,14.808,8.411000000000001,70.154,90.848,25.981
2023-05-23,150.721,20.181,14.637,49.994,69.361,23.022
2023-05-24,135.51,15.923,9.414,47.818,62.956,15.749
2023-05-25,114.768,14.565000000000001,13.962,50.69,76.118,21.865000000000002
2023-05-26,154.12,24.236,20.081,53.736000000000004,90.26,18.213
2023-05-27,273.537,41.278999999999996,24.97,91.75399999999999,127.65799999999999,24.313
2023-05-28,262.277,36.971000000000004,22.807000000000002,109.63499999999999,131.518,38.881
2023-05-29,146.434,16.312,12.75,53.849000000000004,61.995,28.535999999999998
2023-05-30,156.287,14.652,8.852,46.299,59.897,23.886
2023-05-31,136.132,16.723,7.859999999999999,46.711,61.96,17.471
2023-06-01,136.982,19.364,9.741,44.867000000000004,67.854,18.475
2023-06-02,161.142,16.172,11.988,68.38499999999999,72.847,22.501
2023-06-03,222.081,33.243,29.040999999999997,94.541,123.664,39.399
2023-06-04,215.285,25.116999999999997,21.047,95.926,123.698,34.741
2023-06-05,145.142,22.57,12.58,49.192,74.896,19.989
2023-06-06,152.439,21.351,14.408,56.608000000000004,84.74499999999999,19.081
2023-06-07,135.735,11.835,14.142,44.446,66.121,17.873
2023-06-08,119.287,15.446,9.254,49.993,77.363,24.509
2023-06-09,140.024,13.684,15.815999999999999,55.465,74.296,21.798000000000002
2023-06-10,240.235,26.766,19.118,98.844,146.968,38.116
2023-06-11,213.908,25.472,21.247,79.626,119.69,43.303000000000004
2023-06-12,127.399,17.143,10.351,36.153999999999996,67.12,23.087
2023-06-13,140.865,10.189,12.054,54.24,84.89099999999999,17.659
2023-06-14,115.60499999999999,9.174999999999999,7.284,43.778,82.127,28.361
2023-06-15,118.42,9.804,16.733,34.885999999999996,63.624,15.908
2023-06-16,172.11,22.692,15.49,58.503,86.159,24.133
2023-06-17,244.334,26.791,22.626,93.35,169.193,46.628
2023-06-18,253.447,23.098000000000003,23.373,72.039,149.877,54.553
2023-06-19,128.701,12.363,11.51,43.293,77.04899999999999,21.207
2023-06-20,126.228,13.919,11.657,39.223,66.666,21.592
2023-06-21,126.263,16.697,27.177999999999997,63.364000000000004,91.365,24.123
2023-06-22,171.91899999999998,17.912,38.769999999999996,77.476,114.288,33.866
2023-06-23,178.71800000000002,9.279,18.677,55.417,88.349,25.398
2023-06-24,161.495,11.548,16.054,54.18,94.187,28.369
2023-06-25,108.89500000000001,10.681,16.5,35.271,69.658,23.315
2023-06-26,80.524,8.083,10.384,39.582,72.185,21.224
2023-06-27,127.27799999999999,14.272,16.454,38.708,67.11999999999999,8.415
2023-06-28,130.18200000000002,16.069,14.946,53.742000000000004,68.534,15.651
2023-06-29,135.09,24.366999999999997,22.945,48.314,89.113,11.511
2023-06-30,130.464,28.086999999999996,19.419,39.572,82.286,24.53
